Handle,Title,Body (HTML),Vendor,Product Category,Type,Tags,Published,Option1 Name,Option1 Value,Option1 Linked To,Option2 Name,Option2 Value,Option2 Linked To,Option3 Name,Option3 Value,Option3 Linked To,Variant SKU,Variant Grams,Variant Inventory Tracker,Variant Inventory Policy,Variant Fulfillment Service,Variant Price,Variant Compare At Price,Variant Requires Shipping,Variant Taxable,Unit Price Total Measure,Unit Price Total Measure Unit,Unit Price Base Measure,Unit Price Base Measure Unit,Variant Barcode,Image Src,Image Position,Image Alt Text,Gift Card,SEO Title,SEO Description,Google Shopping / Google Product Category,Google Shopping / Gender,Google Shopping / Age Group,Google Shopping / MPN,Google Shopping / Condition,Google Shopping / Custom Product,Google Shopping / Custom Label 0,Google Shopping / Custom Label 1,Google Shopping / Custom Label 2,Google Shopping / Custom Label 3,Google Shopping / Custom Label 4,Brands (product.metafields.custom.brands),Breed Size (product.metafields.custom.breed_size),Categories (product.metafields.custom.categories),Disclaimer (product.metafields.custom.disclaimer),eCategories (product.metafields.custom.ecategories),Feeding Instructions (product.metafields.custom.feeding_instructions),Flavor (product.metafields.custom.flavor6),Frequently Bought together products (product.metafields.custom.frequently_bought_together_products),Guaranteed Analysis (product.metafields.custom.guaranteed_analysis),Ingredients (product.metafields.custom.ingredients),Key Benefits (product.metafields.custom.key_benefits),Life Stages (product.metafields.custom.life_stages),Locations (product.metafields.custom.locations),Manufacturer (product.metafields.custom.manufacturer),Product Badge (product.metafields.custom.product_badge),Product Description (product.metafields.custom.product_description),Solutions (product.metafields.custom.solutions),Special Diet (product.metafields.custom.special_diet),Google: Custom Product (product.metafields.mm-google-shopping.custom_product),Complementary products (product.metafields.shopify--discovery--product_recommendation.complementary_products),Related products (product.metafields.shopify--discovery--product_recommendation.related_products),Related products settings (product.metafields.shopify--discovery--product_recommendation.related_products_display),Search product boosts (product.metafields.shopify--discovery--product_search_boost.queries),Variant Image,Variant Weight Unit,Variant Tax Code,Cost per item,Included / Canada,Price / Canada,Compare At Price / Canada,Status
100%-Natural---Invisible-Boot-NS,100% Natural - Invisible Boot,,Triton Animal Supplies Inc.,,Pet Supplies,LaunchNoScans,TRUE,Size,4oz,,,,,,,,990009C,0,shopify,deny,manual,16.99,,TRUE,TRUE,,,,,04875626,,,,FALSE,,,,,,,,,,,,,,,,Vitamins & Solutions >> Skin & Coat,,,,,,,,,,,,,,,,,,,,,,,,7.57,TRUE,,,active
"Angel---Athens-Dog-Collar-Rhinestone,-Valentine-Red-NS","Angel - Athens Dog Collar Rhinestone, Valentine Red",,Angel Pet Supplies,,Pet Supplies,LaunchNoScans,TRUE,Size,"28 x 2""",,,,,,,,41147,0,shopify,deny,manual,64.99,,TRUE,TRUE,,,,,628071411473,,,,FALSE,,,,,,,,,,,,,,,,Health and Wellness >> Collars Leashes & Harnesses,,,,,,,,,,,,,,,,,,,,,,,,32.5,TRUE,,,active
Benny-Bully's---Dog-Beef-Liver-Plus-Blueberry-NS,Benny Bully's - Dog Beef Liver Plus Blueberry,,PETSlink Distribution Ltd.,,Pet Supplies,LaunchNoScans,TRUE,Size,2.1oz,,,,,,,,116PPDL70530,0,shopify,deny,manual,11.99,,TRUE,TRUE,,,,,776310556154,,,,FALSE,,,,,,,,,,,,,,,,Dog >> Dog Treat >> Dog Freeze Dried Treat,,,,,,,,,,,,,,,,,,,,,,,,5.41,TRUE,,,active
Benny-Bully's---Dog-Beef-Liver-Plus-Pumpkin-NS,Benny Bully's - Dog Beef Liver Plus Pumpkin,,PETSlink Distribution Ltd.,,Pet Supplies,LaunchNoScans,TRUE,Size,2.1oz,,,,,,,,115PPDL70540,0,shopify,deny,manual,11.99,,TRUE,TRUE,,,,,776310543154,,,,FALSE,,,,,,,,,,,,,,,,Dog >> Dog Treat >> Dog Freeze Dried Treat,,,,,,,,,,,,,,,,,,,,,,,,5.41,TRUE,,,active
Benny-Bully's---Dog-Liver-Chops-Bulk-NS,Benny Bully's - Dog Liver Chops Bulk,,PETSlink Distribution Ltd.,,Pet Supplies,LaunchNoScans,TRUE,Size,18oz*,,,,,,,,114PPDL70495,0,shopify,deny,manual,46.99,,TRUE,TRUE,,,,,776310042275,,,,FALSE,,,,,,,,,,,,,,,,Dog >> Dog Treat >> Dog Freeze Dried Treat,,,,,,,,,,,,,,,,,,,,,,,,32.38,TRUE,,,active
Best-Friends-by-Sheri-–-Deep-Dish-Sherpa-Fuchsia-NS,Best Friends by Sheri – Deep Dish Sherpa Fuchsia,,PETSlink Distribution Ltd.,,Pet Supplies,LaunchNoScans,TRUE,Size,Mini*,,,,,,,,95660,0,shopify,deny,manual,37.99,,TRUE,TRUE,,,,,819115010183,,,,FALSE,,,,,,,,,,,,,,,,Health and Wellness >> Beds & Blankets,,,,,,,,,,,,,,,,,,,,,,,,21.43,TRUE,,,active
Best-Friends-by-Sheri-–-Donut-Lux-Dark-Choc-NS,Best Friends by Sheri – Donut Lux Dark Choc,,PETSlink Distribution Ltd.,,Pet Supplies,LaunchNoScans,TRUE,Size,45x45*,,,,,,,,95900,0,shopify,deny,manual,203.99,,TRUE,TRUE,,,,,817403025901,,,,FALSE,,,,,,,,,,,,,,,,Health and Wellness >> Beds & Blankets,,,,,,,,,,,,,,,,,,,,,,,,129.1867,TRUE,,,active
Best-Friends-by-Sheri-–-Donut-Lux-Oyster-NS,Best Friends by Sheri – Donut Lux Oyster,,PETSlink Distribution Ltd.,,Pet Supplies,LaunchNoScans,TRUE,Size,36x36*,,,,,,,,95925,0,shopify,deny,manual,149.99,,TRUE,TRUE,,,,,817403025956,,,,FALSE,,,,,,,,,,,,,,,,Health and Wellness >> Beds & Blankets,,,,,,,,,,,,,,,,,,,,,,,,94.7419,TRUE,,,active
Best-Friends-by-Sheri-–-Donut-Lux-Oyster-NS,Best Friends by Sheri – Donut Lux Oyster,,PETSlink Distribution Ltd.,,Pet Supplies,LaunchNoScans,TRUE,Size,45x45*,,,,,,,,95930,0,shopify,deny,manual,203.99,,TRUE,TRUE,,,,,817403025963,,,,FALSE,,,,,,,,,,,,,,,,Health and Wellness >> Beds & Blankets,,,,,,,,,,,,,,,,,,,,,,,,129.1867,TRUE,,,active
Best-Friends-by-Sheri-–-Donut-Shag-Taupe-NS,Best Friends by Sheri – Donut Shag Taupe,,PETSlink Distribution Ltd.,,Pet Supplies,LaunchNoScans,TRUE,Size,23x23*,,,,,,,,95620,0,shopify,deny,manual,47.99,,TRUE,TRUE,,,,,819115019421,,,,FALSE,,,,,,,,,,,,,,,,Health and Wellness >> Beds & Blankets,,,,,,,,,,,,,,,,,,,,,,,,30.1579,TRUE,,,active
Best-Friends-by-Sheri-–-Donut-Shag-Taupe-NS,Best Friends by Sheri – Donut Shag Taupe,,PETSlink Distribution Ltd.,,Pet Supplies,LaunchNoScans,TRUE,Size,45x45*,,,,,,,,95615,0,shopify,deny,manual,203.99,,TRUE,TRUE,,,,,817403023815,,,,FALSE,,,,,,,,,,,,,,,,Health and Wellness >> Beds & Blankets,,,,,,,,,,,,,,,,,,,,,,,,129.1867,TRUE,,,active
Best-Friends-by-Sheri-–-Throne-Ilan-Gray-NS,Best Friends by Sheri – Throne Ilan Gray,,PETSlink Distribution Ltd.,,Pet Supplies,LaunchNoScans,TRUE,Size,Jumbo*,,,,,,,,95590,0,shopify,deny,manual,74.99,,TRUE,TRUE,,,,,817403022412,,,,FALSE,,,,,,,,,,,,,,,,Health and Wellness >> Beds & Blankets,,,,,,,,,,,,,,,,,,,,,,,,45.7012,TRUE,,,active
Boss-Dog---Frozen-Yogurt-Peanut-Butter-&-Apple-Sauce-4pk-NS,Boss Dog - Frozen Yogurt Peanut Butter & Apple Sauce 4pk,,Anipet Animal Supplies (Food),,Pet Supplies,LaunchNoScans,TRUE,Size,104ml,,,,,,,,48938,0,shopify,deny,manual,17.99,,TRUE,TRUE,,,,,850030579669,,,,FALSE,,,,,,,,,,,,,,,,Dog >> Dog Treat >> Dog Frozen Treat,,,,,,,,,,,,,,,,,,,,,,,,11.8,TRUE,,,active
Boss-Dog---Frozen-Yogurt-Peanut-Butter-&-Banana-NS,Boss Dog - Frozen Yogurt Peanut Butter & Banana,,Anipet Animal Supplies (Food),,Pet Supplies,LaunchNoScans,TRUE,Size,Banana,,,,,,,,48170,0,shopify,deny,manual,4.59,,TRUE,TRUE,,,,,860379002308,,,,FALSE,,,,,,,,,,,,,,,,Dog >> Dog Treat >> Dog Frozen Treat,,,,,,,,,,,,,,,,,,,,,,,,3.15,TRUE,,,active
Canada-Pooch---Everything-Harness-Mesh-Red-NS,Canada Pooch - Everything Harness Mesh Red,,Pan Pacific Pet,,Pet Supplies,LaunchNoScans,TRUE,Size,L,,,,,,,,28201265,0,shopify,deny,manual,42.99,,TRUE,TRUE,,,,,628284012658,,,,FALSE,,,,,,,,,,,,,,,,Health and Wellness >> Collars Leashes & Harnesses,,,,,,,,,,,,,,,,,,,,,,,,18.275,TRUE,,,active
Canada-Pooch---Everything-Harness-Mesh-Red-NS,Canada Pooch - Everything Harness Mesh Red,,Pan Pacific Pet,,Pet Supplies,LaunchNoScans,TRUE,Size,M,,,,,,,,28201264,0,shopify,deny,manual,39.99,,TRUE,TRUE,,,,,628284012641,,,,FALSE,,,,,,,,,,,,,,,,Health and Wellness >> Collars Leashes & Harnesses,,,,,,,,,,,,,,,,,,,,,,,,17,TRUE,,,active
Canada-Pooch---Everything-Harness-Mesh-Red-NS,Canada Pooch - Everything Harness Mesh Red,,Pan Pacific Pet,,Pet Supplies,LaunchNoScans,TRUE,Size,XL,,,,,,,,28201266,0,shopify,deny,manual,44.99,,TRUE,TRUE,,,,,628284012665,,,,FALSE,,,,,,,,,,,,,,,,Health and Wellness >> Collars Leashes & Harnesses,,,,,,,,,,,,,,,,,,,,,,,,19.125,TRUE,,,active
Canada-Pooch---The-Waterproof-Puffer-Taupe-NS,Canada Pooch - The Waterproof Puffer Taupe,,Pan Pacific Pet,,Pet Supplies,LaunchNoScans,TRUE,Size,10,,,,,,,,28211592,0,shopify,deny,manual,108.99,,TRUE,TRUE,,,,,628284115922,,,,FALSE,,,,,,,,,,,,,,,,Safety >> Wearables,,,,,,,,,,,,,,,,,,,,,,,,46.33,TRUE,,,active
Canadian-Naturals---Dog-Freeze-Dried-Chicken-Treats-NS,Canadian Naturals - Dog Freeze Dried Chicken Treats,,Anipet Animal Supplies (Food),,Pet Supplies,LaunchNoScans,TRUE,Size,300g,,,,,,,,44490,0,shopify,deny,manual,35.99,,TRUE,TRUE,,,,,779369444908,,,,FALSE,,,,,,,,,,,,,,,,Dog >> Dog Treat >> Dog Freeze Dried Treat,,,,,,,,,,,,,,,,,,,,,,,,24.087,TRUE,,,active
Carefresh---Pet-Bedding-Complete-White-NS,Carefresh - Pet Bedding Complete White,,Trueman Distribution Ltd.,,Pet Supplies,LaunchNoScans,TRUE,Size,50L,,,,,,,,76081,0,shopify,deny,manual,34.99,,TRUE,TRUE,,,,,066380004205,,,,FALSE,,,,,,,,,,,,,,,,Small Animal,,,,,,,,,,,,,,,,,,,,,,,,24.69,TRUE,,,active
Carefresh---Pet-Bedding-Confetti-NS,Carefresh - Pet Bedding Confetti,,Trueman Distribution Ltd.,,Pet Supplies,LaunchNoScans,TRUE,Size,50L,,,,,,,,76091,0,shopify,deny,manual,34.99,,TRUE,TRUE,,,,,066380004250,,,,FALSE,,,,,,,,,,,,,,,,Small Animal,,,,,,,,,,,,,,,,,,,,,,,,24.69,TRUE,,,active
Charming-Pet---Grandma-Hippie-Chick-NS,Charming Pet - Grandma Hippie Chick,,Anipet Animal Supplies,,Pet Supplies,LaunchNoScans,TRUE,Size,Large,,,,,,,,30968,0,shopify,deny,manual,22.99,,TRUE,TRUE,,,,,875854007907,,,,FALSE,,,,,,,,,,,,,,,,Dog >> Dog Toy >> Dog Rubber,,,,,,,,,,,,,,,,,,,,,,,,11.2,TRUE,,,active
Coastal---Leather-Round-Rolled-Collar---Brown-NS,Coastal - Leather Round Rolled Collar - Brown,,Pan Pacific Pet,,Pet Supplies,LaunchNoScans,TRUE,Size,"12x3/8""",,,,,,,,76412102,0,shopify,deny,manual,24.99,,TRUE,TRUE,,,,,076484121029,,,,FALSE,,,,,,,,,,,,,,,,Health and Wellness >> Collars Leashes & Harnesses,,,,,,,,,,,,,,,,,,,,,,,,12.342,TRUE,,,active
Coastal---Leather-Round-Rolled-Collar---Brown-NS,Coastal - Leather Round Rolled Collar - Brown,,Pan Pacific Pet,,Pet Supplies,LaunchNoScans,TRUE,Size,"14x3/8""",,,,,,,,76412104,0,shopify,deny,manual,24.99,,TRUE,TRUE,,,,,076484121043,,,,FALSE,,,,,,,,,,,,,,,,Health and Wellness >> Collars Leashes & Harnesses,,,,,,,,,,,,,,,,,,,,,,,,12.342,TRUE,,,active
Coastal---Leather-Round-Rolled-Collar---Brown-NS,Coastal - Leather Round Rolled Collar - Brown,,Pan Pacific Pet,,Pet Supplies,LaunchNoScans,TRUE,Size,"16x5/8""",,,,,,,,76412110,0,shopify,deny,manual,28.99,,TRUE,TRUE,,,,,076484121104,,,,FALSE,,,,,,,,,,,,,,,,Health and Wellness >> Collars Leashes & Harnesses,,,,,,,,,,,,,,,,,,,,,,,,14.28,TRUE,,,active
Coastal---Leather-Round-Rolled-Collar---Brown-NS,Coastal - Leather Round Rolled Collar - Brown,,Pan Pacific Pet,,Pet Supplies,LaunchNoScans,TRUE,Size,"18x3/4""",,,,,,,,76412120,0,shopify,deny,manual,31.99,,TRUE,TRUE,,,,,076484121203,,,,FALSE,,,,,,,,,,,,,,,,Health and Wellness >> Collars Leashes & Harnesses,,,,,,,,,,,,,,,,,,,,,,,,17.425,TRUE,,,active
Coastal---Leather-Round-Rolled-Collar---Brown-NS,Coastal - Leather Round Rolled Collar - Brown,,Pan Pacific Pet,,Pet Supplies,LaunchNoScans,TRUE,Size,"20x3/4""",,,,,,,,76412122,0,shopify,deny,manual,31.99,,TRUE,TRUE,,,,,076484121227,,,,FALSE,,,,,,,,,,,,,,,,Health and Wellness >> Collars Leashes & Harnesses,,,,,,,,,,,,,,,,,,,,,,,,17.425,TRUE,,,active
Coastal---Non-Skid-Stainless-Bowl-2-Cup-NS,Coastal - Non Skid Stainless Bowl 2 Cup,,Pan Pacific Pet,,Pet Supplies,LaunchNoScans,TRUE,Size,,,,,,,,,79200134,0,shopify,deny,manual,10.99,,TRUE,TRUE,,,,,879213001346,,,,FALSE,,,,,,,,,,,,,,,,Health and Wellness >> Bowls,,,,,,,,,,,,,,,,,,,,,,,,4.0205,TRUE,,,active
"Coastal---Nylon-Leash,-Blue-NS","Coastal - Nylon Leash, Blue",,Pan Pacific Pet,,Pet Supplies,LaunchNoScans,TRUE,Size,"1"" x 6' ",,,,,,,,76406002,0,shopify,deny,manual,23.99,,TRUE,TRUE,,,,,076484060021,,,,FALSE,,,,,,,,,,,,,,,,Health and Wellness >> Collars Leashes & Harnesses,,,,,,,,,,,,,,,,,,,,,,,,11.713,TRUE,,,active
"Coastal---Nylon-Leash,-Blue-NS","Coastal - Nylon Leash, Blue",,Pan Pacific Pet,,Pet Supplies,LaunchNoScans,TRUE,Size,"3/4"" x 6'",,,,,,,,76404422,0,shopify,deny,manual,15.99,,TRUE,TRUE,,,,,076484044229,,,,FALSE,,,,,,,,,,,,,,,,Health and Wellness >> Collars Leashes & Harnesses,,,,,,,,,,,,,,,,,,,,,,,,6.7405,TRUE,,,active
"Coastal---Nylon-Leash,-Blue-NS","Coastal - Nylon Leash, Blue",,Pan Pacific Pet,,Pet Supplies,LaunchNoScans,TRUE,Size,"3/8"" x 6'",,,,,,,,76400982,0,shopify,deny,manual,9.99,,TRUE,TRUE,,,,,076484009822,,,,FALSE,,,,,,,,,,,,,,,,Health and Wellness >> Collars Leashes & Harnesses,,,,,,,,,,,,,,,,,,,,,,,,4.301,TRUE,,,active
"Coastal---Nylon-Leash,-Blue-NS","Coastal - Nylon Leash, Blue",,Pan Pacific Pet,,Pet Supplies,LaunchNoScans,TRUE,Size,"5/8"" x 4'",,,,,,,,76403522,0,shopify,deny,manual,11.99,,TRUE,TRUE,,,,,076484035227,,,,FALSE,,,,,,,,,,,,,,,,Health and Wellness >> Collars Leashes & Harnesses,,,,,,,,,,,,,,,,,,,,,,,,5.3805,TRUE,,,active
"Coastal---Nylon-Leash,-Blue-NS","Coastal - Nylon Leash, Blue",,Pan Pacific Pet,,Pet Supplies,LaunchNoScans,TRUE,Size,"5/8"" x 6'",,,,,,,,76403542,0,shopify,deny,manual,14.99,,TRUE,TRUE,,,,,076484035425,,,,FALSE,,,,,,,,,,,,,,,,Health and Wellness >> Collars Leashes & Harnesses,,,,,,,,,,,,,,,,,,,,,,,,6.103,TRUE,,,active
"Coastal---Nylon-Leash,-Red-NS","Coastal - Nylon Leash, Red",,Pan Pacific Pet,,Pet Supplies,LaunchNoScans,TRUE,Size,"3/8"" x 4'",,,,,,,,76400961,0,shopify,deny,manual,9.99,,TRUE,TRUE,,,,,076484009617,,,,FALSE,,,,,,,,,,,,,,,,Health and Wellness >> Collars Leashes & Harnesses,,,,,,,,,,,,,,,,,,,,,,,,3.7825,TRUE,,,active
Coastal---Safari-Soft-Slicker-Brush-NS,Coastal - Safari Soft Slicker Brush,,Pan Pacific Pet,,Pet Supplies,LaunchNoScans,TRUE,Size,,,,,,,,,76400404,0,shopify,deny,manual,17.99,,TRUE,TRUE,,,,,076484004049,,,,FALSE,,,,,,,,,,,,,,,,Health and Wellness >> Tools & Equipment,,,,,,,,,,,,,,,,,,,,,,,,8.0665,TRUE,,,active
Coastal---Soft-Slicker-Brush-NS,Coastal - Soft Slicker Brush,,Pan Pacific Pet,,Pet Supplies,LaunchNoScans,TRUE,Size,Large,,,,,,,,76400406,0,shopify,deny,manual,19.99,,TRUE,TRUE,,,,,076484004063,,,,FALSE,,,,,,,,,,,,,,,,Health and Wellness >> Tools & Equipment,,,,,,,,,,,,,,,,,,,,,,,,9.605,TRUE,,,active
Coastal---Soft-Slicker-Brush-NS,Coastal - Soft Slicker Brush,,Pan Pacific Pet,,Pet Supplies,LaunchNoScans,TRUE,Size,Small,,,,,,,,76400402,0,shopify,deny,manual,15.99,,TRUE,TRUE,,,,,076484004025,,,,FALSE,,,,,,,,,,,,,,,,Health and Wellness >> Tools & Equipment,,,,,,,,,,,,,,,,,,,,,,,,7.3015,TRUE,,,active
Coastal---Stainless-Kennel-Bowl-3-cup-NS,Coastal - Stainless Kennel Bowl 3 cup,,Pan Pacific Pet,,Pet Supplies,LaunchNoScans,TRUE,Size,,,,,,,,,79200448,0,shopify,deny,manual,13.99,,TRUE,TRUE,,,,,879213004484,,,,FALSE,,,,,,,,,,,,,,,,Health and Wellness >> Bowls,,,,,,,,,,,,,,,,,,,,,,,,5.78,TRUE,,,active
"Coastal---Train-Right!-Cotton-Web-Training-Leash,-Black-NS","Coastal - Train Right! Cotton Web Training Leash, Black",,Pan Pacific Pet,,Pet Supplies,LaunchNoScans,TRUE,Size,"5/8"" x 6'",,,,,,,,76404201,0,shopify,deny,manual,17.99,,TRUE,TRUE,,,,,076484042010,,,,FALSE,,,,,,,,,,,,,,,,Health and Wellness >> Collars Leashes & Harnesses,,,,,,,,,,,,,,,,,,,,,,,,7.5395,TRUE,,,active
"Coastal---Tuff-Buckle-Collar,-Hunter-Green-NS","Coastal - Tuff Buckle Collar, Hunter Green",,Pan Pacific Pet,,Pet Supplies,LaunchNoScans,TRUE,Size,"3/4"" 14"" - 20"" ",,,,,,,,76404723,0,shopify,deny,manual,14.99,,TRUE,TRUE,,,,,076484047237,,,,FALSE,,,,,,,,,,,,,,,,Health and Wellness >> Collars Leashes & Harnesses,,,,,,,,,,,,,,,,,,,,,,,,5.321,TRUE,,,active
Company-of-Animals---Baskerville-Ultra-Muzzle-NS,Company of Animals - Baskerville Ultra Muzzle,,PETSlink Distribution Ltd.,,Pet Supplies,LaunchNoScans,TRUE,Size,4*,,,,,,,,242PPDL86180,0,shopify,deny,manual,46.99,,TRUE,TRUE,,,,,886284614207,,,,FALSE,,,,,,,,,,,,,,,,Health and Wellness >> Corrective Behavior,,,,,,,,,,,,,,,,,,,,,,,,20.7468,TRUE,,,active
Company-of-Animals---Baskerville-Ultra-Muzzle-NS,Company of Animals - Baskerville Ultra Muzzle,,PETSlink Distribution Ltd.,,Pet Supplies,LaunchNoScans,TRUE,Size,5*,,,,,,,,243PPDL86185,0,shopify,deny,manual,51.99,,TRUE,TRUE,,,,,886284615204,,,,FALSE,,,,,,,,,,,,,,,,Health and Wellness >> Corrective Behavior,,,,,,,,,,,,,,,,,,,,,,,,23.5061,TRUE,,,active
Company-of-Animals---Baskerville-Ultra-Muzzle-NS,Company of Animals - Baskerville Ultra Muzzle,,PETSlink Distribution Ltd.,,Pet Supplies,LaunchNoScans,TRUE,Size,6*,,,,,,,,244PPDL86190,0,shopify,deny,manual,57.99,,TRUE,TRUE,,,,,886284616201,,,,FALSE,,,,,,,,,,,,,,,,Health and Wellness >> Corrective Behavior,,,,,,,,,,,,,,,,,,,,,,,,26.2862,TRUE,,,active
Company-of-Animals---Dog---Coachi-Training-Line-Navy-&-Coral--NS,Company of Animals - Dog - Coachi Training Line Navy & Coral ,,PETSlink Distribution Ltd.,,Pet Supplies,LaunchNoScans,TRUE,Size,10m,,,,,,,,20725,0,shopify,deny,manual,34.99,,TRUE,TRUE,,,,,886284412339,,,,FALSE,,,,,,,,,,,,,,,,Health and Wellness >> Corrective Behavior,,,,,,,,,,,,,,,,,,,,,,,,16.0773,TRUE,,,active
Conair---Rake-NS,Conair - Rake,,PETSlink Distribution Ltd.,,Pet Supplies,LaunchNoScans,TRUE,Size,Small*,,,,,,,,88500,0,shopify,deny,manual,16.99,,TRUE,TRUE,,,,,074108420060,,,,FALSE,,,,,,,,,,,,,,,,Health and Wellness >> Tools & Equipment,,,,,,,,,,,,,,,,,,,,,,,,7.53,TRUE,,,active
Darford---Grain-Free---Bacon-Mini-Treats-NS,Darford - Grain Free - Bacon Mini Treats,,PETSlink Distribution Ltd.,,Pet Supplies,LaunchNoScans,TRUE,Size,1lb,,,,,,,,97775,0,shopify,deny,manual,10.99,,TRUE,TRUE,,,,,064863105654,,,,FALSE,,,,,,,,,,,,,,,,Dog >> Dog Treat >> Dog Biscuits,,,,,,,,,,,,,,,,,,,,,,,,5.5625,TRUE,,,active
Darford---Grain-Free---Bacon-Mini-Treats-NS,Darford - Grain Free - Bacon Mini Treats,,PETSlink Distribution Ltd.,,Pet Supplies,LaunchNoScans,TRUE,Size,6.8kg,,,,,,,,71910,0,shopify,deny,manual,0.03,,TRUE,TRUE,,,,,064863155659,,,,FALSE,,,,,,,,,,,,,,,,Dog >> Dog Treat >> Dog Biscuits,,,,,,,,,,,,,,,,,,,,,,,,0.0131,TRUE,,,active
Darford---Grain-Free---Bacon-Mini-Treats-NS,Darford - Grain Free - Bacon Mini Treats,,,,Pet Supplies,LaunchNoScans,TRUE,Size,Bulk,,,,,,,,,0,shopify,deny,manual,0.1,,TRUE,TRUE,,,,,738752020099,,,,FALSE,,,,,,,,,,,,,,,,Dog >> Dog Treat >> Dog Biscuits,,,,,,,,,,,,,,,,,,,,,,,,0.01,TRUE,,,active
Darford---Grain-Free---Bacon-Treats-NS,Darford - Grain Free - Bacon Treats,,PETSlink Distribution Ltd.,,Pet Supplies,LaunchNoScans,TRUE,Size,12oz,,,,,,,,71805,0,shopify,deny,manual,12.99,,TRUE,TRUE,,,,,064863012648,,,,FALSE,,,,,,,,,,,,,,,,Dog >> Dog Treat >> Dog Biscuits,,,,,,,,,,,,,,,,,,,,,,,,5.7875,TRUE,,,active
Darford---Grain-Free---Bacon-Treats-NS,Darford - Grain Free - Bacon Treats,,PETSlink Distribution Ltd.,,Pet Supplies,LaunchNoScans,TRUE,Size,6.8kg,,,,,,,,71905,0,shopify,deny,manual,0.03,,TRUE,TRUE,,,,,064863155642,,,,FALSE,,,,,,,,,,,,,,,,Dog >> Dog Treat >> Dog Biscuits,,,,,,,,,,,,,,,,,,,,,,,,0.0131,TRUE,,,active
Darford---Grain-Free---Breath-Beater-Treats-NS,Darford - Grain Free - Breath Beater Treats,,PETSlink Distribution Ltd.,,Pet Supplies,LaunchNoScans,TRUE,Size,12oz,,,,,,,,71850,0,shopify,deny,manual,12.99,,TRUE,TRUE,,,,,064863012006,,,,FALSE,,,,,,,,,,,,,,,,Dog >> Dog Treat >> Dog Biscuits,,,,,,,,,,,,,,,,,,,,,,,,5.7875,TRUE,,,active
Darford---Grain-Free---Cheddar-Cheese-Mini-Treats-NS,Darford - Grain Free - Cheddar Cheese Mini Treats,,PETSlink Distribution Ltd.,,Pet Supplies,LaunchNoScans,TRUE,Size,12oz,,,,,,,,71860,0,shopify,deny,manual,12.99,,TRUE,TRUE,,,,,064863012501,,,,FALSE,,,,,,,,,,,,,,,,Dog >> Dog Treat >> Dog Biscuits,,,,,,,,,,,,,,,,,,,,,,,,5.7875,TRUE,,,active
Darford---Grain-Free---Cheddar-Cheese-Mini-Treats-NS,Darford - Grain Free - Cheddar Cheese Mini Treats,,PETSlink Distribution Ltd.,,Pet Supplies,LaunchNoScans,TRUE,Size,1lb,,,,,,,,97785,0,shopify,deny,manual,10.99,,TRUE,TRUE,,,,,064863104855,,,,FALSE,,,,,,,,,,,,,,,,Dog >> Dog Treat >> Dog Biscuits,,,,,,,,,,,,,,,,,,,,,,,,5.5625,TRUE,,,active
Darford---Grain-Free---Peanut-Butter-Mini-Treats-NS,Darford - Grain Free - Peanut Butter Mini Treats,,,,Pet Supplies,LaunchNoScans,TRUE,Size,Bulk,,,,,,,,,0,shopify,deny,manual,0.1,,TRUE,TRUE,,,,,738752020181,,,,FALSE,,,,,,,,,,,,,,,,Dog >> Dog Treat >> Dog Biscuits,,,,,,,,,,,,,,,,,,,,,,,,0.01,TRUE,,,active
Darford---Grain-Free---Peanut-Butter-Treats-NS,Darford - Grain Free - Peanut Butter Treats,,PETSlink Distribution Ltd.,,Pet Supplies,LaunchNoScans,TRUE,Size,12oz,,,,,,,,71880,0,shopify,deny,manual,12.99,,TRUE,TRUE,,,,,064863012945,,,,FALSE,,,,,,,,,,,,,,,,Dog >> Dog Treat >> Dog Biscuits,,,,,,,,,,,,,,,,,,,,,,,,5.7875,TRUE,,,active
Darford---Grain-Free---Salmon-Mini-Treats-NS,Darford - Grain Free - Salmon Mini Treats,,PETSlink Distribution Ltd.,,Pet Supplies,LaunchNoScans,TRUE,Size,1lb,,,,,,,,97770,0,shopify,deny,manual,10.99,,TRUE,TRUE,,,,,064863105555,,,,FALSE,,,,,,,,,,,,,,,,Dog >> Dog Treat >> Dog Biscuits,,,,,,,,,,,,,,,,,,,,,,,,5.5625,TRUE,,,active
Darford---Grain-Free---Salmon-Treats-NS,Darford - Grain Free - Salmon Treats,,PETSlink Distribution Ltd.,,Pet Supplies,LaunchNoScans,TRUE,Size,12oz,,,,,,,,71890,0,shopify,deny,manual,12.99,,TRUE,TRUE,,,,,064863012549,,,,FALSE,,,,,,,,,,,,,,,,Dog >> Dog Treat >> Dog Biscuits,,,,,,,,,,,,,,,,,,,,,,,,5.7875,TRUE,,,active
Darford---Naturals---Liver-&-Flaxseed-Mini-Treats-NS,Darford - Naturals - Liver & Flaxseed Mini Treats,,PETSlink Distribution Ltd.,,Pet Supplies,LaunchNoScans,TRUE,Size,5.4kg,,,,,,,,PDL72000,0,shopify,deny,manual,0.03,,TRUE,TRUE,,,,,064863420122,,,,FALSE,,,,,,,,,,,,,,,,Dog >> Dog Treat >> Dog Biscuits,,,,,,,,,,,,,,,,,,,,,,,,0.0091,TRUE,,,active
Darford---Naturals---Liver-&-Flaxseed-Treats-NS,Darford - Naturals - Liver & Flaxseed Treats,,PETSlink Distribution Ltd.,,Pet Supplies,LaunchNoScans,TRUE,Size,1lb,,,,,,,,97790,0,shopify,deny,manual,9.49,,TRUE,TRUE,,,,,064863020124,,,,FALSE,,,,,,,,,,,,,,,,Dog >> Dog Treat >> Dog Biscuits,,,,,,,,,,,,,,,,,,,,,,,,4.15,TRUE,,,active
Ducky-World---Yeowww-Catnip-NS,Ducky World - Yeowww Catnip,,Trueman Distribution Ltd.,,Pet Supplies,LaunchNoScans,TRUE,Size,Mini*,,,,,,,,TMN18005,0,shopify,deny,manual,3.49,,TRUE,TRUE,,,,,812402000256,,,,FALSE,,,,,,,,,,,,,,,,Cat >> Cat Treat >> Cat Catnip & Grass,,,,,,,,,,,,,,,,,,,,,,,,1.2114,TRUE,,,active
Dura-Chew-Alternative-Femur-Beef-NS,Dura Chew Alternative Femur Beef,,Anipet Animal Supplies,,Pet Supplies,LaunchNoScans,TRUE,Size,Large,,,,,,,,28868,0,shopify,deny,manual,31.99,,TRUE,TRUE,,,,,018214836742,,,,FALSE,,,,,,,,,,,,,,,,Dog >> Dog Toy >> Dog Nylon,,,,,,,,,,,,,,,,,,,,,,,,15.2575,TRUE,,,active
EZYDOG-HARNESS-BLACK-13380-NS,EZYDOG HARNESS BLACK 13380,,Anipet Animal Supplies,,Pet Supplies,LaunchNoScans,TRUE,Size,XLRG,,,,,,,,13380,0,shopify,deny,manual,49.99,,TRUE,TRUE,,,,,807203105057,,,,FALSE,,,,,,,,,,,,,,,,Health and Wellness >> Collars Leashes & Harnesses,,,,,,,,,,,,,,,,,,,,,,,,23.545,TRUE,,,active
EZYDOG-HARNESS-BLACK-NS,EZYDOG HARNESS BLACK,,Anipet Animal Supplies,,Pet Supplies,LaunchNoScans,TRUE,Size,XSM,,,,,,,,13352,0,shopify,deny,manual,49.99,,TRUE,TRUE,,,,,807203105019,,,,FALSE,,,,,,,,,,,,,,,,Health and Wellness >> Collars Leashes & Harnesses,,,,,,,,,,,,,,,,,,,,,,,,23.545,TRUE,,,active
EZYDOG-HARNESS-W/REFLECTIVE-PIPING-BLACK-NS,EZYDOG HARNESS W/REFLECTIVE PIPING BLACK,,Anipet Animal Supplies,,Pet Supplies,LaunchNoScans,TRUE,Size,LRG,,,,,,,,13373,0,shopify,deny,manual,49.99,,TRUE,TRUE,,,,,807203105040,,,,FALSE,,,,,,,,,,,,,,,,Health and Wellness >> Collars Leashes & Harnesses,,,,,,,,,,,,,,,,,,,,,,,,23.545,TRUE,,,active
EZYDOG-HARNESS-W/REFLECTIVE-PIPING-BLACK-NS,EZYDOG HARNESS W/REFLECTIVE PIPING BLACK,,Anipet Animal Supplies,,Pet Supplies,LaunchNoScans,TRUE,Size,MED,,,,,,,,13366,0,shopify,deny,manual,49.99,,TRUE,TRUE,,,,,807203105033,,,,FALSE,,,,,,,,,,,,,,,,Health and Wellness >> Collars Leashes & Harnesses,,,,,,,,,,,,,,,,,,,,,,,,23.545,TRUE,,,active
EZYDOG-HARNESS-W/REFLECTIVE-PIPING-BLACK-NS,EZYDOG HARNESS W/REFLECTIVE PIPING BLACK,,Anipet Animal Supplies,,Pet Supplies,LaunchNoScans,TRUE,Size,SM,,,,,,,,13359,0,shopify,deny,manual,49.99,,TRUE,TRUE,,,,,807203105026,,,,FALSE,,,,,,,,,,,,,,,,Health and Wellness >> Collars Leashes & Harnesses,,,,,,,,,,,,,,,,,,,,,,,,23.545,TRUE,,,active
Feline-Fresh---Natural-Pine-Cat-Litter-NS,Feline Fresh - Natural Pine Cat Litter,,Maddies Natural Pet Products Ltd.,,Pet Supplies,LaunchNoScans,TRUE,Size,20lb*,,,,,,,,MADDD13158,0,shopify,deny,manual,17.99,,TRUE,TRUE,,,,,735506000123,,,,FALSE,,,,,,,,,,,,,,,,Cat >> Litter,,,,,,,,,,,,,,,,,,,,,,,,12.65,TRUE,,,active
Feline-Fresh---Natural-Pine-Cat-Litter-NS,Feline Fresh - Natural Pine Cat Litter,,Maddies Natural Pet Products Ltd.,,Pet Supplies,LaunchNoScans,TRUE,Size,20lb**,,,,,,,,138MMADD13158,0,shopify,deny,manual,20.99,,TRUE,TRUE,,,,,789290502004,,,,FALSE,,,,,,,,,,,,,,,,Cat >> Litter,,,,,,,,,,,,,,,,,,,,,,,,14.58,TRUE,,,active
Feline-Fresh---Natural-Pine-Cat-Litter-NS,Feline Fresh - Natural Pine Cat Litter,,,,Pet Supplies,LaunchNoScans,TRUE,Size,40lb*,,,,,,,,13160,0,shopify,deny,manual,38.99,,TRUE,TRUE,,,,,735506000130,,,,FALSE,,,,,,,,,,,,,,,,Cat >> Litter,,,,,,,,,,,,,,,,,,,,,,,,27.14,TRUE,,,active
FOOD-CONTAINER-NS,FOOD CONTAINER,,Anipet Animal Supplies,,Pet Supplies,LaunchNoScans,TRUE,Size,LARGE,,,,,,,,08862,0,shopify,deny,manual,49.99,,TRUE,TRUE,,,,,079441009033,,,,FALSE,,,,,,,,,,,,,,,,UNCLASSED,,,,,,,,,,,,,,,,,,,,,,,,26.8175,TRUE,,,active
FOUR-PAWS-ALLEN-SPRING-ACTION-NS,FOUR PAWS ALLEN SPRING ACTION,,Anipet Animal Supplies,,Pet Supplies,LaunchNoScans,TRUE,Size,,,,,,,,,17539,0,shopify,deny,manual,43.99,,TRUE,TRUE,,,,,045663182403,,,,FALSE,,,,,,,,,,,,,,,,UNCLASSED,,,,,,,,,,,,,,,,,,,,,,,,21.33,TRUE,,,active
Furminator---Grinder-Replacement-Bands-NS,Furminator - Grinder Replacement Bands,,PETSlink Distribution Ltd.,,Pet Supplies,LaunchNoScans,TRUE,Size,,,,,,,,,72605,0,shopify,deny,manual,10.99,,TRUE,TRUE,,,,,811794040413,,,,FALSE,,,,,,,,,,,,,,,,Health and Wellness >> Tools & Equipment,,,,,,,,,,,,,,,,,,,,,,,,5.1293,TRUE,,,active
Goo-Eez---Rounded-Mango-Wood-W-Stainless-Steel-Bowl-NS,Goo-Eez - Rounded Mango Wood W Stainless Steel Bowl,,PETSlink Distribution Ltd.,,Pet Supplies,LaunchNoScans,TRUE,Size,S,,,,,,,,27600,0,shopify,deny,manual,24.99,,TRUE,TRUE,,,,,688118016771,,,,FALSE,,,,,,,,,,,,,,,,Health and Wellness >> Bowls,,,,,,,,,,,,,,,,,,,,,,,,12.495,TRUE,,,active
Greenies---Cat-Pill-Pockets-Chicken-NS,Greenies - Cat Pill Pockets Chicken,,PETSlink Distribution Ltd.,,Pet Supplies,LaunchNoScans,TRUE,Size,1.6oz*,,,,,,,,73PPDL73450,0,shopify,deny,manual,8.99,,TRUE,TRUE,,,,,642863021411,,,,FALSE,,,,,,,,,,,,,,,,Vitamins & Solutions >> Pill Assistance,,,,,,,,,,,,,,,,,,,,,,,,5.02,TRUE,,,active
Greenies---Cat-Pill-Pockets-Salmon-NS,Greenies - Cat Pill Pockets Salmon,,PETSlink Distribution Ltd.,,Pet Supplies,LaunchNoScans,TRUE,Size,1.6oz*,,,,,,,,74PPDL73455,0,shopify,deny,manual,8.99,,TRUE,TRUE,,,,,642863021428,,,,FALSE,,,,,,,,,,,,,,,,Vitamins & Solutions >> Pill Assistance,,,,,,,,,,,,,,,,,,,,,,,,5.02,TRUE,,,active
Greenies---Cat-Smartbites-Hairball-Chicken-NS,Greenies - Cat Smartbites Hairball Chicken,,Anipet Animal Supplies,,Pet Supplies,LaunchNoScans,TRUE,Size,2.1oz,,,,,,,,57602,0,shopify,deny,manual,3.99,,TRUE,TRUE,,,,,642863101397,,,,FALSE,,,,,,,,,,,,,,,,Dental Care >> Chews & Treats,,,,,,,,,,,,,,,,,,,,,,,,2.6397,TRUE,,,active
Greenies---Cat-Smartbites-Hairball-Tuna-NS,Greenies - Cat Smartbites Hairball Tuna,,Anipet Animal Supplies,,Pet Supplies,LaunchNoScans,TRUE,Size,2.1oz,,,,,,,,57619,0,shopify,deny,manual,3.99,,TRUE,TRUE,,,,,642863101403,,,,FALSE,,,,,,,,,,,,,,,,Dental Care >> Chews & Treats,,,,,,,,,,,,,,,,,,,,,,,,2.6397,TRUE,,,active
Grizzly---Pollock-Oil-NS,Grizzly - Pollock Oil,,PETSlink Distribution Ltd.,,Pet Supplies,LaunchNoScans,TRUE,Size,8oz*,,,,,,,,PDL93375,0,shopify,deny,manual,20.99,,TRUE,TRUE,,,,,835953008021,,,,FALSE,,,,,,,,,,,,,,,,Vitamins & Solutions >> Immunity,,,,,,,,,,,,,,,,,,,,,,,,10.894,TRUE,,,active
HuggleHounds---Hol-Bear-Squooshie-NS,HuggleHounds - Hol Bear Squooshie,,PETSlink Distribution Ltd.,,Pet Supplies,LaunchNoScans,TRUE,Size,Lg*,,,,,,,,97965,0,shopify,deny,manual,27.99,,TRUE,TRUE,,,,,813168012859,,,,FALSE,,,,,,,,,,,,,,,,Dog >> Dog Toy >> Dog Plush,,,,,,,,,,,,,,,,,,,,,,,,15.18,TRUE,,,active
Inaba-Chicken-Stew-Ckn-w/-Cheese-NS,Inaba Chicken Stew Ckn w/ Cheese,,Trueman Distribution Ltd.,,Pet Supplies,LaunchNoScans,TRUE,Size,1.4oz,,,,,,,,44544,0,shopify,deny,manual,2.99,,TRUE,TRUE,,,,,850030015266,,,,FALSE,,,,,,,,,,,,,,,,Cat >> Cat Food >> Cat Canned (Wet),,,,,,,,,,,,,,,,,,,,,,,,1.265,TRUE,,,active
Inaba-Churu-Bisque-Tuna-NS,Inaba Churu Bisque Tuna,,Trueman Distribution Ltd.,,Pet Supplies,LaunchNoScans,TRUE,Size,CARTON,,,,,,,,44551,0,shopify,deny,manual,2.99,,TRUE,TRUE,,,,,810100850210,,,,FALSE,,,,,,,,,,,,,,,,Cat >> Cat Treat >> Cat Wet Treat,,,,,,,,,,,,,,,,,,,,,,,,1.2658,TRUE,,,active
Inaba-Churu-Broth-Chicken-&-Tuna-NS,Inaba Churu Broth Chicken & Tuna,,Trueman Distribution Ltd.,,Pet Supplies,LaunchNoScans,TRUE,Size,SINGLE,,,,,,,,44556,0,shopify,deny,manual,2.99,,TRUE,TRUE,,,,,810100850128,,,,FALSE,,,,,,,,,,,,,,,,Cat >> Cat Treat >> Cat Wet Treat,,,,,,,,,,,,,,,,,,,,,,,,1.2658,TRUE,,,active
Inaba-Churu-Broth-Chicken-w/-Salmon-NS,Inaba Churu Broth Chicken w/ Salmon,,Trueman Distribution Ltd.,,Pet Supplies,LaunchNoScans,TRUE,Size,CARTON,,,,,,,,44558,0,shopify,deny,manual,2.99,,TRUE,TRUE,,,,,810100850173,,,,FALSE,,,,,,,,,,,,,,,,Cat >> Cat Treat >> Cat Wet Treat,,,,,,,,,,,,,,,,,,,,,,,,1.2658,TRUE,,,active
Inaba-Churu-Broth-Ckn-&-Seafood-VARIETY-PACK-NS,Inaba Churu Broth Ckn & Seafood VARIETY PACK,,Trueman Distribution Ltd.,,Pet Supplies,LaunchNoScans,TRUE,Size,,,,,,,,,44570,0,shopify,deny,manual,20.99,,TRUE,TRUE,,,,,810100851347,,,,FALSE,,,,,,,,,,,,,,,,Cat >> Cat Treat >> Cat Wet Treat,,,,,,,,,,,,,,,,,,,,,,,,14.44,TRUE,,,active
Inaba-Churu-Fun-Bites-CAT-Ckn-Wrap-Ckn-NS,Inaba Churu Fun Bites CAT Ckn Wrap Ckn,,Trueman Distribution Ltd.,,Pet Supplies,LaunchNoScans,TRUE,Size,1.26oz,,,,,,,,44574,0,shopify,deny,manual,6.99,,TRUE,TRUE,,,,,810100851378,,,,FALSE,,,,,,,,,,,,,,,,Cat >> Cat Food >> Cat Canned (Wet),,,,,,,,,,,,,,,,,,,,,,,,3.5,TRUE,,,active
Inaba-Churu-Fun-Bites-CAT-Ckn-Wrap-Tuna-NS,Inaba Churu Fun Bites CAT Ckn Wrap Tuna,,Trueman Distribution Ltd.,,Pet Supplies,LaunchNoScans,TRUE,Size,1.26oz,,,,,,,,44575,0,shopify,deny,manual,6.99,,TRUE,TRUE,,,,,810100851392,,,,FALSE,,,,,,,,,,,,,,,,Cat >> Cat Treat >> Cat Wet Treat,,,,,,,,,,,,,,,,,,,,,,,,3.5,TRUE,,,active
Inaba-Churu-Meal-Topper-CAT-Ckn/Cheese-NS,Inaba Churu Meal Topper CAT Ckn/Cheese,,Trueman Distribution Ltd.,,Pet Supplies,LaunchNoScans,TRUE,Size,2oz,,,,,,,,44595,0,shopify,deny,manual,5.99,,TRUE,TRUE,,,,,810100850616,,,,FALSE,,,,,,,,,,,,,,,,Cat >> Cat Treat >> Cat Wet Treat,,,,,,,,,,,,,,,,,,,,,,,,2.99,TRUE,,,active
Inaba-Churu-Meal-Topper-CAT-Ckn-NS,Inaba Churu Meal Topper CAT Ckn,,Trueman Distribution Ltd.,,Pet Supplies,LaunchNoScans,TRUE,Size,2oz,,,,,,,,44593,0,shopify,deny,manual,5.99,,TRUE,TRUE,,,,,810100850579,,,,FALSE,,,,,,,,,,,,,,,,Cat >> Cat Treat >> Cat Wet Treat,,,,,,,,,,,,,,,,,,,,,,,,2.99,TRUE,,,active
Inaba-Churu-Meal-Topper-CAT-Tuna/Salm-NS,Inaba Churu Meal Topper CAT Tuna/Salm,,Trueman Distribution Ltd.,,Pet Supplies,LaunchNoScans,TRUE,Size,2oz,,,,,,,,44594,0,shopify,deny,manual,5.99,,TRUE,TRUE,,,,,810100850593,,,,FALSE,,,,,,,,,,,,,,,,Cat >> Cat Treat >> Cat Wet Treat,,,,,,,,,,,,,,,,,,,,,,,,2.99,TRUE,,,active
Inaba-Churu-Meal-Topper-CAT-Tuna/Scallop-NS,Inaba Churu Meal Topper CAT Tuna/Scallop,,Trueman Distribution Ltd.,,Pet Supplies,LaunchNoScans,TRUE,Size,2oz,,,,,,,,44592,0,shopify,deny,manual,5.99,,TRUE,TRUE,,,,,810100850555,,,,FALSE,,,,,,,,,,,,,,,,Cat >> Cat Treat >> Cat Wet Treat,,,,,,,,,,,,,,,,,,,,,,,,2.99,TRUE,,,active
Inaba-Churu-Meal-Topper-DOG-Ckn/Cheese-3pk-NS,Inaba Churu Meal Topper DOG Ckn/Cheese 3pk,,Trueman Distribution Ltd.,,Pet Supplies,LaunchNoScans,TRUE,Size,5.07oz,,,,,,,,44583,0,shopify,deny,manual,10.99,,TRUE,TRUE,,,,,810100851248,,,,FALSE,,,,,,,,,,,,,,,,Dog >> Dog Food >> Dog Meal Mixers & Toppers,,,,,,,,,,,,,,,,,,,,,,,,5.185,TRUE,,,active
Inaba-Churu-Meal-Topper-DOG-Ckn/Pumpkn-3pk-NS,Inaba Churu Meal Topper DOG Ckn/Pumpkn 3pk,,Trueman Distribution Ltd.,,Pet Supplies,LaunchNoScans,TRUE,Size,5.07oz,,,,,,,,44585,0,shopify,deny,manual,10.99,,TRUE,TRUE,,,,,810100851286,,,,FALSE,,,,,,,,,,,,,,,,Dog >> Dog Food >> Dog Meal Mixers & Toppers,,,,,,,,,,,,,,,,,,,,,,,,5.185,TRUE,,,active
Inaba-Churu-Meal-Topper-DOG-Ckn/Salm-3pk-NS,Inaba Churu Meal Topper DOG Ckn/Salm 3pk,,Trueman Distribution Ltd.,,Pet Supplies,LaunchNoScans,TRUE,Size,5.07oz,,,,,,,,44582,0,shopify,deny,manual,10.99,,TRUE,TRUE,,,,,810100851224,,,,FALSE,,,,,,,,,,,,,,,,Dog >> Dog Food >> Dog Meal Mixers & Toppers,,,,,,,,,,,,,,,,,,,,,,,,5.185,TRUE,,,active
Inaba-Churu-Meal-Topper-DOG-Tuna-3pk-NS,Inaba Churu Meal Topper DOG Tuna 3pk,,Trueman Distribution Ltd.,,Pet Supplies,LaunchNoScans,TRUE,Size,5.07oz,,,,,,,,44581,0,shopify,deny,manual,10.99,,TRUE,TRUE,,,,,810100851200,,,,FALSE,,,,,,,,,,,,,,,,Dog >> Dog Food >> Dog Meal Mixers & Toppers,,,,,,,,,,,,,,,,,,,,,,,,5.185,TRUE,,,active
Inaba-Churu-Pop'n-Serve-Ckn-2pk-CTN-NS,Inaba Churu Pop'n Serve Ckn 2pk CTN,,Trueman Distribution Ltd.,,Pet Supplies,LaunchNoScans,TRUE,Size,2.46oz,,,,,,,,44511,0,shopify,deny,manual,3.99,,TRUE,TRUE,,,,,810100852399,,,,FALSE,,,,,,,,,,,,,,,,Cat >> Cat Treat >> Cat Wet Treat,,,,,,,,,,,,,,,,,,,,,,,,2.385,TRUE,,,active
Inaba-Churu-Pop'n-Serve-Tuna&-BonitoFl-NS,Inaba Churu Pop'n Serve Tuna& BonitoFl,,Trueman Distribution Ltd.,,Pet Supplies,LaunchNoScans,TRUE,Size,2.46oz,,,,,,,,44513,0,shopify,deny,manual,3.99,,TRUE,TRUE,,,,,810100852436,,,,FALSE,,,,,,,,,,,,,,,,Cat >> Cat Treat >> Cat Wet Treat,,,,,,,,,,,,,,,,,,,,,,,,2.385,TRUE,,,active
Inaba-Churu-Pop'n-Serve-Tuna-2pk-CTN-NS,Inaba Churu Pop'n Serve Tuna 2pk CTN,,Trueman Distribution Ltd.,,Pet Supplies,LaunchNoScans,TRUE,Size,2.46oz,,,,,,,,44510,0,shopify,deny,manual,3.99,,TRUE,TRUE,,,,,810100852375,,,,FALSE,,,,,,,,,,,,,,,,Cat >> Cat Treat >> Cat Wet Treat,,,,,,,,,,,,,,,,,,,,,,,,2.385,TRUE,,,active
Inaba-Churu-Puree-Chicken-NS,Inaba Churu Puree Chicken,,Trueman Distribution Ltd.,,Pet Supplies,LaunchNoScans,TRUE,Size,2oz,,,,,,,,44775,0,shopify,deny,manual,4.99,,TRUE,TRUE,,,,,857276007390,,,,FALSE,,,,,,,,,,,,,,,,Cat >> Cat Treat >> Cat Wet Treat,,,,,,,,,,,,,,,,,,,,,,,,2.99,TRUE,,,active
Inaba-Churu-Puree-Hairball-Control-Chicken-NS,Inaba Churu Puree Hairball Control Chicken,,Trueman Distribution Ltd.,,Pet Supplies,LaunchNoScans,TRUE,Size,2oz,,,,,,,,TMN44643,0,shopify,deny,manual,4.99,,TRUE,TRUE,,,,,00810100850296,,,,FALSE,,,,,,,,,,,,,,,,Cat >> Cat Treat >> Cat Wet Treat,,,,,,,,,,,,,,,,,,,,,,,,2.9883,TRUE,,,active
Inaba-Churu-Puree-Hairball-Control-Tuna-NS,Inaba Churu Puree Hairball Control Tuna,,Trueman Distribution Ltd.,,Pet Supplies,LaunchNoScans,TRUE,Size,2oz,,,,,,,,TMN44642,0,shopify,deny,manual,4.99,,TRUE,TRUE,,,,,00810100850272,,,,FALSE,,,,,,,,,,,,,,,,Cat >> Cat Treat >> Cat Wet Treat,,,,,,,,,,,,,,,,,,,,,,,,2.9883,TRUE,,,active
Inaba-Churu-Puree-Salmon-Recipe-CTN-NS,Inaba Churu Puree Salmon Recipe CTN,,Trueman Distribution Ltd.,,Pet Supplies,LaunchNoScans,TRUE,Size,2oz,,,,,,,,44505,0,shopify,deny,manual,4.99,,TRUE,TRUE,,,,,810100852542,,,,FALSE,,,,,,,,,,,,,,,,Cat >> Cat Treat >> Cat Wet Treat,,,,,,,,,,,,,,,,,,,,,,,,2.9883,TRUE,,,active
Inaba-Churu-Puree-Salmon-w/Ckn-Recipe-CTN-NS,Inaba Churu Puree Salmon w/Ckn Recipe CTN,,Trueman Distribution Ltd.,,Pet Supplies,LaunchNoScans,TRUE,Size,2oz,,,,,,,,44508,0,shopify,deny,manual,4.99,,TRUE,TRUE,,,,,810100852627,,,,FALSE,,,,,,,,,,,,,,,,Cat >> Cat Treat >> Cat Wet Treat,,,,,,,,,,,,,,,,,,,,,,,,2.9883,TRUE,,,active
Inaba-Churu-Puree-Salmon-w/Sclp-Flavor-CTN-NS,Inaba Churu Puree Salmon w/Sclp Flavor CTN,,Trueman Distribution Ltd.,,Pet Supplies,LaunchNoScans,TRUE,Size,2oz,,,,,,,,44507,0,shopify,deny,manual,4.99,,TRUE,TRUE,,,,,810100852603,,,,FALSE,,,,,,,,,,,,,,,,Cat >> Cat Treat >> Cat Wet Treat,,,,,,,,,,,,,,,,,,,,,,,,2.9883,TRUE,,,active
Inaba-Churu-Puree-Salmon-w/Tuna-Recipe-CTN-NS,Inaba Churu Puree Salmon w/Tuna Recipe CTN,,Trueman Distribution Ltd.,,Pet Supplies,LaunchNoScans,TRUE,Size,2oz,,,,,,,,44506,0,shopify,deny,manual,4.99,,TRUE,TRUE,,,,,810100852580,,,,FALSE,,,,,,,,,,,,,,,,Cat >> Cat Treat >> Cat Wet Treat,,,,,,,,,,,,,,,,,,,,,,,,2.9883,TRUE,,,active
Inaba-Churu-Puree-Skin-&-Coat-Chicken-NS,Inaba Churu Puree Skin & Coat Chicken,,Trueman Distribution Ltd.,,Pet Supplies,LaunchNoScans,TRUE,Size,2oz,,,,,,,,TMN44707,0,shopify,deny,manual,4.99,,TRUE,TRUE,,,,,10850006715760,,,,FALSE,,,,,,,,,,,,,,,,Cat >> Cat Treat >> Cat Wet Treat,,,,,,,,,,,,,,,,,,,,,,,,2.9883,TRUE,,,active
Inaba-Churu-Puree-Skin-&-Coat-Tuna-NS,Inaba Churu Puree Skin & Coat Tuna,,Trueman Distribution Ltd.,,Pet Supplies,LaunchNoScans,TRUE,Size,2oz,,,,,,,,TMN44706,0,shopify,deny,manual,4.99,,TRUE,TRUE,,,,,10850006715753,,,,FALSE,,,,,,,,,,,,,,,,Cat >> Cat Treat >> Cat Wet Treat,,,,,,,,,,,,,,,,,,,,,,,,2.9883,TRUE,,,active
Inaba-Churu-Rolls-DOG-Ckn-Rcp-wraps-Ckn-/Salm-NS,Inaba Churu Rolls DOG Ckn Rcp wraps Ckn /Salm,,Trueman Distribution Ltd.,,Pet Supplies,LaunchNoScans,TRUE,Size,3.36oz,,,,,,,,TMN44785,0,shopify,deny,manual,12.99,,TRUE,TRUE,,,,,850006715593,,,,FALSE,,,,,,,,,,,,,,,,Dog >> Dog Treat >> Dog Jerky Treat,,,,,,,,,,,,,,,,,,,,,,,,7,TRUE,,,active
Inaba-Churu-Rolls-DOG-Ckn-Rcp-wraps-Ckn-8pk-NS,Inaba Churu Rolls DOG Ckn Rcp wraps Ckn 8pk,,Trueman Distribution Ltd.,,Pet Supplies,LaunchNoScans,TRUE,Size,3.36oz,,,,,,,,44758,0,shopify,deny,manual,12.99,,TRUE,TRUE,,,,,850006715579,,,,FALSE,,,,,,,,,,,,,,,,Dog >> Dog Treat >> Dog Jerky Treat,,,,,,,,,,,,,,,,,,,,,,,,7,TRUE,,,active
Inaba-Churu-Rolls-DOG-Ckn-Wrap-Ckn-w/Cheese-NS,Inaba Churu Rolls DOG Ckn Wrap Ckn w/Cheese,,Trueman Distribution Ltd.,,Pet Supplies,LaunchNoScans,TRUE,Size,3.36oz,,,,,,,,TMN44787,0,shopify,deny,manual,12.99,,TRUE,TRUE,,,,,850006715609,,,,FALSE,,,,,,,,,,,,,,,,Dog >> Dog Treat >> Dog Jerky Treat,,,,,,,,,,,,,,,,,,,,,,,,7,TRUE,,,active
Inaba-Churu-Senior-10+-Tuna-CARTON-NS,Inaba Churu Senior 10+ Tuna CARTON,,Trueman Distribution Ltd.,,Pet Supplies,LaunchNoScans,TRUE,Size,2oz,,,,,,,,44520,0,shopify,deny,manual,4.99,,TRUE,TRUE,,,,,810100851477,,,,FALSE,,,,,,,,,,,,,,,,Cat >> Cat Treat >> Cat Wet Treat,,,,,,,,,,,,,,,,,,,,,,,,2.9883,TRUE,,,active
Inaba-Churu-Senior-10+-Tuna-w/-Salmon-CARTON-NS,Inaba Churu Senior 10+ Tuna w/ Salmon CARTON,,Trueman Distribution Ltd.,,Pet Supplies,LaunchNoScans,TRUE,Size,2oz,,,,,,,,44521,0,shopify,deny,manual,4.99,,TRUE,TRUE,,,,,810100852160,,,,FALSE,,,,,,,,,,,,,,,,Cat >> Cat Treat >> Cat Wet Treat,,,,,,,,,,,,,,,,,,,,,,,,2.9883,TRUE,,,active
Inaba-Dashi-Delights-Chicken-Variety-Pak-NS,Inaba Dashi Delights Chicken Variety Pak,,Trueman Distribution Ltd.,,Pet Supplies,LaunchNoScans,TRUE,Size,30oz,,,,,,,,44660,0,shopify,deny,manual,38.99,,TRUE,TRUE,,,,,810100850999,,,,FALSE,,,,,,,,,,,,,,,,Cat >> Cat Food >> Cat Canned (Wet),,,,,,,,,,,,,,,,,,,,,,,,13.19,TRUE,,,active
Inaba-Dashi-Delights-Seafood-Variety-Pak-NS,Inaba Dashi Delights Seafood Variety Pak,,Trueman Distribution Ltd.,,Pet Supplies,LaunchNoScans,TRUE,Size,30oz,,,,,,,,44659,0,shopify,deny,manual,38.99,,TRUE,TRUE,,,,,810100850982,,,,FALSE,,,,,,,,,,,,,,,,Cat >> Cat Food >> Cat Canned (Wet),,,,,,,,,,,,,,,,,,,,,,,,13.19,TRUE,,,active
Inaba-Dashi-Delights-Tuna-Variety-Pak-NS,Inaba Dashi Delights Tuna Variety Pak,,Trueman Distribution Ltd.,,Pet Supplies,LaunchNoScans,TRUE,Size,30oz,,,,,,,,44658,0,shopify,deny,manual,34.99,,TRUE,TRUE,,,,,810100850975,,,,FALSE,,,,,,,,,,,,,,,,Cat >> Cat Food >> Cat Canned (Wet),,,,,,,,,,,,,,,,,,,,,,,,13.19,TRUE,,,active
Inaba-Juicy-Bites-Fish/Clam-3pk-NS,Inaba Juicy Bites Fish/Clam 3pk,,Trueman Distribution Ltd.,,Pet Supplies,LaunchNoScans,TRUE,Size,4oz,,,,,,,,TMN44792,0,shopify,deny,manual,6.99,,TRUE,TRUE,,,,,857276007499,,,,FALSE,,,,,,,,,,,,,,,,Cat >> Cat Food >> Cat Canned (Wet),,,,,,,,,,,,,,,,,,,,,,,,3.5,TRUE,,,active
Jay's---Big-Bits---Dental-NS,Jay's - Big Bits - Dental,,PETSlink Distribution Ltd.,,Pet Supplies,LaunchNoScans,TRUE,Size,200g*,,,,,,,,PDL25920,0,shopify,deny,manual,9.99,,TRUE,TRUE,,,,,855729200138,,,,FALSE,,,,,,,,,,,,,,,,Dog >> Dog Treat >> Dog Soft Treat,,,,,,,,,,,,,,,,,,,,,,,,4.5875,TRUE,,,active
Jolly-Pet---Bounce-N-Play-Ball-NS,Jolly Pet - Bounce N Play Ball,,Anipet Animal Supplies,,Pet Supplies,LaunchNoScans,TRUE,Size,"4.5""",,,,,,,,38998,0,shopify,deny,manual,20.99,,TRUE,TRUE,,,,,788169254532,,,,FALSE,,,,,,,,,,,,,,,,Dog >> Dog Toy >> Dog Rubber,,,,,,,,,,,,,,,,,,,,,,,,9.99,TRUE,,,active
JOLLY-PET-BOUNCE-N-PLAY-BALL-PINK-NS,JOLLY PET BOUNCE N PLAY BALL PINK,,Anipet Animal Supplies,,Pet Supplies,LaunchNoScans,TRUE,Size,4.5IN,,,,,,,,38999,0,shopify,deny,manual,20.99,,TRUE,TRUE,,,,,788169254570,,,,FALSE,,,,,,,,,,,,,,,,Dog >> Dog Toy >> Dog Rubber,,,,,,,,,,,,,,,,,,,,,,,,9.99,TRUE,,,active
JOLLY-PET-BOUNCE-N-PLAY-BALL-PINK-NS,JOLLY PET BOUNCE N PLAY BALL PINK,,Anipet Animal Supplies,,Pet Supplies,LaunchNoScans,TRUE,Size,6IN,,,,,,,,39001,0,shopify,deny,manual,25.99,,TRUE,TRUE,,,,,788169250671,,,,FALSE,,,,,,,,,,,,,,,,Dog >> Dog Toy >> Dog Rubber,,,,,,,,,,,,,,,,,,,,,,,,12.78,TRUE,,,active
Jolly-Pet---Jolly-Egg-Erratic-Rolling-Egg-NS,Jolly Pet - Jolly Egg Erratic Rolling Egg,,Triton Animal Supplies Inc.,,Pet Supplies,LaunchNoScans,TRUE,Size,"12""",,,,,,,,JE12,0,shopify,deny,manual,36.99,,TRUE,TRUE,,,,,788169012057,,,,FALSE,,,,,,,,,,,,,,,,Dog >> Dog Toy >> Dog Rubber,,,,,,,,,,,,,,,,,,,,,,,,16.109,TRUE,,,active
Jolly-Pet---Jolly-Egg-Erratic-Rolling-Egg-NS,Jolly Pet - Jolly Egg Erratic Rolling Egg,,Anipet Animal Supplies,,Pet Supplies,LaunchNoScans,TRUE,Size,"12""""",,,,,,,,39026,0,shopify,deny,manual,32.99,,TRUE,TRUE,,,,,788169012095,,,,FALSE,,,,,,,,,,,,,,,,Dog >> Dog Toy >> Dog Rubber,,,,,,,,,,,,,,,,,,,,,,,,16.2,TRUE,,,active
Jolly-Pet---Jolly-Egg-Erratic-Rolling-Egg-NS,Jolly Pet - Jolly Egg Erratic Rolling Egg,,Triton Animal Supplies Inc.,,Pet Supplies,LaunchNoScans,TRUE,Size,"8""",,,,,,,,JE08,0,shopify,deny,manual,23.99,,TRUE,TRUE,,,,,788169000856,,,,FALSE,,,,,,,,,,,,,,,,Dog >> Dog Toy >> Dog Rubber,,,,,,,,,,,,,,,,,,,,,,,,10.591,TRUE,,,active
JOLLY-PET-MONSTER-MOUTH-NS,JOLLY PET MONSTER MOUTH,,Anipet Animal Supplies,,Pet Supplies,LaunchNoScans,TRUE,Size,"4""",,,,,,,,39031,0,shopify,deny,manual,19.99,,TRUE,TRUE,,,,,788169001402,,,,FALSE,,,,,,,,,,,,,,,,Dog >> Dog Toy >> Dog Rubber,,,,,,,,,,,,,,,,,,,,,,,,9.765,TRUE,,,active
JOLLY-PET-ROMP-N-ROLL-JOLLY-BALL-BLUE-NS,JOLLY PET ROMP-N-ROLL JOLLY BALL BLUE,,Anipet Animal Supplies,,Pet Supplies,LaunchNoScans,TRUE,Size,4.5IN,,,,,,,,39007,0,shopify,deny,manual,21.99,,TRUE,TRUE,,,,,788169064520,,,,FALSE,,,,,,,,,,,,,,,,Dog >> Dog Toy >> Dog Rubber,,,,,,,,,,,,,,,,,,,,,,,,10.98,TRUE,,,active
JOLLY-PET-ROMP-N-ROLL-JOLLY-BALL-BLUE-NS,JOLLY PET ROMP-N-ROLL JOLLY BALL BLUE,,Anipet Animal Supplies,,Pet Supplies,LaunchNoScans,TRUE,Size,6IN,,,,,,,,29001,0,shopify,deny,manual,29.99,,TRUE,TRUE,,,,,788169060621,,,,FALSE,,,,,,,,,,,,,,,,Dog >> Dog Toy >> Dog Rubber,,,,,,,,,,,,,,,,,,,,,,,,15.03,TRUE,,,active
JOLLY-PET-ROMP-N-ROLL-JOLLY-BALL-BLUE-NS,JOLLY PET ROMP-N-ROLL JOLLY BALL BLUE,,Anipet Animal Supplies,,Pet Supplies,LaunchNoScans,TRUE,Size,8IN,,,,,,,,ANP29005,0,shopify,deny,manual,42.99,,TRUE,TRUE,,,,,788169060829,,,,FALSE,,,,,,,,,,,,,,,,Dog >> Dog Toy >> Dog Rubber,,,,,,,,,,,,,,,,,,,,,,,,21.735,TRUE,,,active
JOLLY-PETS-JOLLY-EGG-ERRATIC-ROLLING-EGG-RED-NS,JOLLY PETS JOLLY EGG ERRATIC ROLLING EGG RED,,Anipet Animal Supplies,,Pet Supplies,LaunchNoScans,TRUE,Size,"12""",,,,,,,,39025,0,shopify,deny,manual,32.99,,TRUE,TRUE,,,,,788169012019,,,,FALSE,,,,,,,,,,,,,,,,Dog >> Dog Toy >> Dog Rubber,,,,,,,,,,,,,,,,,,,,,,,,16.2,TRUE,,,active
JW-Gripsoft-Slicker-Brush-NS,JW Gripsoft Slicker Brush,,Anipet Animal Supplies,,Pet Supplies,LaunchNoScans,TRUE,Size,Large,,,,,,,,02270,0,shopify,deny,manual,13.49,,TRUE,TRUE,,,,,618940650010,,,,FALSE,,,,,,,,,,,,,,,,UNCLASSED,,,,,,,,,,,,,,,,,,,,,,,,6.715,TRUE,,,active
Karush-NHL-Pet-Sweater-Calgary-Flames-NS,Karush NHL Pet Sweater Calgary Flames,,Triton Animal Supplies Inc.,,Pet Supplies,LaunchNoScans,TRUE,Size,XX-Small,,,,,,,,3400399,0,shopify,deny,manual,58.99,,TRUE,TRUE,,,,,812051003998,,,,FALSE,,,,,,,,,,,,,,,,Safety >> Wearables,,,,,,,,,,,,,,,,,,,,,,,,29,TRUE,,,active
Kitty-Kottage---Honeysuckle-Cushion-NS,Kitty Kottage - Honeysuckle Cushion,,Kitty Kottage,,Pet Supplies,LaunchNoScans,TRUE,Size,,,,,,,,,KKOTPOLY2,0,shopify,deny,manual,3.49,,TRUE,TRUE,,,,,688450000018,,,,FALSE,,,,,,,,,,,,,,,,Cat >> Cat Toy >> Cat Mice Balls & Toys,,,,,,,,,,,,,,,,,,,,,,,,1.51,TRUE,,,active
Kong---Dog-Airdog-Knobby-Ball-NS,Kong - Dog Airdog Knobby Ball,,PETSlink Distribution Ltd.,,Pet Supplies,LaunchNoScans,TRUE,Size,Md*,,,,,,,,98470,0,shopify,deny,manual,5.99,,TRUE,TRUE,,,,,035585502144,,,,FALSE,,,,,,,,,,,,,,,,Dog >> Dog Toy >> Dog Fetch,,,,,,,,,,,,,,,,,,,,,,,,2.527,TRUE,,,active
Kong---Dog-Airdog-Knobby-Ball-NS,Kong - Dog Airdog Knobby Ball,,PETSlink Distribution Ltd.,,Pet Supplies,LaunchNoScans,TRUE,Size,Xs/Sm*,,,,,,,,98465,0,shopify,deny,manual,4.49,,TRUE,TRUE,,,,,035585502137,,,,FALSE,,,,,,,,,,,,,,,,Dog >> Dog Toy >> Dog Fetch,,,,,,,,,,,,,,,,,,,,,,,,1.9289,TRUE,,,active
KONG---Dog-Cozie-Spunky-Monkey-NS,KONG - Dog Cozie Spunky Monkey,,Anipet Animal Supplies,,Pet Supplies,LaunchNoScans,TRUE,Size,,,,,,,,,21406,0,shopify,deny,manual,17.99,,TRUE,TRUE,,,,,035585159041,,,,FALSE,,,,,,,,,,,,,,,,Dog >> Dog Toy >> Dog Plush,,,,,,,,,,,,,,,,,,,,,,,,8.24,TRUE,,,active
KONG---Dog-Flatz-Monkey-NS,KONG - Dog Flatz Monkey,,,,Pet Supplies,LaunchNoScans,TRUE,Size,Md/Lg*,,,,,,,,,0,shopify,deny,manual,17.99,,TRUE,TRUE,,,,,035585509242,,,,FALSE,,,,,,,,,,,,,,,,Dog >> Dog Toy >> Dog Plush,,,,,,,,,,,,,,,,,,,,,,,,9.3799,TRUE,,,active
KONG---Dog-Flatz-Zebra-NS,KONG - Dog Flatz Zebra,,,,Pet Supplies,LaunchNoScans,TRUE,Size,Md/Lg*,,,,,,,,,0,shopify,deny,manual,17.99,,TRUE,TRUE,,,,,035585509228,,,,FALSE,,,,,,,,,,,,,,,,Dog >> Dog Toy >> Dog Plush,,,,,,,,,,,,,,,,,,,,,,,,9.3799,TRUE,,,active
Kong---Dog-Holiday-Corestrength-Bone-NS,Kong - Dog Holiday Corestrength Bone,,PETSlink Distribution Ltd.,,Pet Supplies,LaunchNoScans,TRUE,Size,Lg,,,,,,,,26945,0,shopify,deny,manual,18.99,,TRUE,TRUE,,,,,035585506845,,,,FALSE,,,,,,,,,,,,,,,,Dog >> Dog Toy >> Dog Plush,,,,,,,,,,,,,,,,,,,,,,,,10.746,TRUE,,,active
Kong---Dog-Holiday-Corestrength-Bone-NS,Kong - Dog Holiday Corestrength Bone,,PETSlink Distribution Ltd.,,Pet Supplies,LaunchNoScans,TRUE,Size,S/M,,,,,,,,26950,0,shopify,deny,manual,12.99,,TRUE,TRUE,,,,,035585506852,,,,FALSE,,,,,,,,,,,,,,,,Dog >> Dog Toy >> Dog Plush,,,,,,,,,,,,,,,,,,,,,,,,7.4296,TRUE,,,active
KONG---Dog-Holiday-Cozie-Reindeer*-NS,KONG - Dog Holiday Cozie Reindeer*,,PETSlink Distribution Ltd.,,Pet Supplies,LaunchNoScans,TRUE,Size,,,,,,,,,87195,0,shopify,deny,manual,13.99,,TRUE,TRUE,,,,,035585501048,,,,FALSE,,,,,,,,,,,,,,,,Dog >> Dog Toy >> Dog Plush,,,,,,,,,,,,,,,,,,,,,,,,6.768,TRUE,,,active
Kong---Duos-Dental-Ball-NS,Kong - Duos Dental Ball,,Anipet Animal Supplies,,Pet Supplies,LaunchNoScans,TRUE,Size,XSmall/Small,,,,,,,,36383,0,shopify,deny,manual,8.99,,TRUE,TRUE,,,,,035585506227,,,,FALSE,,,,,,,,,,,,,,,,Dog >> Dog Toy >> Dog Rubber,,,,,,,,,,,,,,,,,,,,,,,,4.97,TRUE,,,active
Kong---Holiday---Airdog-Squeaker-Asstd-NS,Kong - Holiday - Airdog Squeaker Asstd,,PETSlink Distribution Ltd.,,Pet Supplies,LaunchNoScans,TRUE,Size,1,,,,,,,,23150,0,shopify,deny,manual,13.99,,TRUE,TRUE,,,,,035585505190,,,,FALSE,,,,,,,,,,,,,,,,Dog >> Dog Toy >> Dog Plush,,,,,,,,,,,,,,,,,,,,,,,,6.1463,TRUE,,,active
Kong---Holiday---Airdog-Squeaker-Asstd-NS,Kong - Holiday - Airdog Squeaker Asstd,,PETSlink Distribution Ltd.,,Pet Supplies,LaunchNoScans,TRUE,Size,2,,,,,,,,23155,0,shopify,deny,manual,21.99,,TRUE,TRUE,,,,,035585505206,,,,FALSE,,,,,,,,,,,,,,,,Dog >> Dog Toy >> Dog Plush,,,,,,,,,,,,,,,,,,,,,,,,9.6203,TRUE,,,active
KONG---Holiday-CoreStrength™-Bone-NS,KONG - Holiday CoreStrength™ Bone,,PETSlink Distribution Ltd.,,Pet Supplies,LaunchNoScans,TRUE,Size,Sm/Md,,,,,,,,99775,0,shopify,deny,manual,12.99,,TRUE,TRUE,,,,,035585502953,,,,FALSE,,,,,,,,,,,,,,,,Dog >> Dog Toy >> Dog Rubber,,,,,,,,,,,,,,,,,,,,,,,,5.9523,TRUE,,,active
KONG---Holiday-Crackles-Christmas-Tree*-NS,KONG - Holiday Crackles Christmas Tree*,,PETSlink Distribution Ltd.,,Pet Supplies,LaunchNoScans,TRUE,Size,,,,,,,,,99810,0,shopify,deny,manual,8.99,,TRUE,TRUE,,,,,035585468341,,,,FALSE,,,,,,,,,,,,,,,,Cat >> Cat Toy >> Cat Mice Balls & Toys,,,,,,,,,,,,,,,,,,,,,,,,3.9188,TRUE,,,active
KONG---Holiday-Crackles-Santa-Kitty-NS,KONG - Holiday Crackles Santa Kitty,,PETSlink Distribution Ltd.,,Pet Supplies,LaunchNoScans,TRUE,Size,,,,,,,,,99835,0,shopify,deny,manual,8.99,,TRUE,TRUE,,,,,035585526225,,,,FALSE,,,,,,,,,,,,,,,,Cat >> Cat Toy >> Cat Mice Balls & Toys,,,,,,,,,,,,,,,,,,,,,,,,4.5878,TRUE,,,active
KONG---Holiday-Kickeroo®-Character-Assorted*-NS,KONG - Holiday Kickeroo® Character Assorted*,,PETSlink Distribution Ltd.,,Pet Supplies,LaunchNoScans,TRUE,Size,,,,,,,,,99800,0,shopify,deny,manual,8.99,,TRUE,TRUE,,,,,035585526188,,,,FALSE,,,,,,,,,,,,,,,,Cat >> Cat Toy >> Cat Mice Balls & Toys,,,,,,,,,,,,,,,,,,,,,,,,4.607,TRUE,,,active
KONG---Holiday-Occasions-Balls-4-pk-NS,KONG - Holiday Occasions Balls 4-pk,,PETSlink Distribution Ltd.,,Pet Supplies,LaunchNoScans,TRUE,Size,Md,,,,,,,,99785,0,shopify,deny,manual,18.99,,TRUE,TRUE,,,,,035585526140,,,,FALSE,,,,,,,,,,,,,,,,Dog >> Dog Toy >> Dog Fetch,,,,,,,,,,,,,,,,,,,,,,,,9.5389,TRUE,,,active
KONG---Holiday-Occasions-Balls-4-pk-NS,KONG - Holiday Occasions Balls 4-pk,,PETSlink Distribution Ltd.,,Pet Supplies,LaunchNoScans,TRUE,Size,Md*,,,,,,,,98160,0,shopify,deny,manual,15.99,,TRUE,TRUE,,,,,035585504155,,,,FALSE,,,,,,,,,,,,,,,,Dog >> Dog Toy >> Dog Fetch,,,,,,,,,,,,,,,,,,,,,,,,9.0325,TRUE,,,active
KONG---Holiday-Pull-A-Partz™-Present*-NS,KONG - Holiday Pull-A-Partz™ Present*,,PETSlink Distribution Ltd.,,Pet Supplies,LaunchNoScans,TRUE,Size,,,,,,,,,99795,0,shopify,deny,manual,10.99,,TRUE,TRUE,,,,,035585526164,,,,FALSE,,,,,,,,,,,,,,,,Cat >> Cat Toy >> Cat Mice Balls & Toys,,,,,,,,,,,,,,,,,,,,,,,,5.0657,TRUE,,,active
KONG---Holiday-Snuzzles-Reindeer-NS,KONG - Holiday Snuzzles Reindeer,,PETSlink Distribution Ltd.,,Pet Supplies,LaunchNoScans,TRUE,Size,Md*,,,,,,,,99710,0,shopify,deny,manual,22.99,,TRUE,TRUE,,,,,035585499413,,,,FALSE,,,,,,,,,,,,,,,,Dog >> Dog Toy >> Dog Plush,,,,,,,,,,,,,,,,,,,,,,,,10.4182,TRUE,,,active
KONG---Holiday-Snuzzles-Reindeer-NS,KONG - Holiday Snuzzles Reindeer,,PETSlink Distribution Ltd.,,Pet Supplies,LaunchNoScans,TRUE,Size,Sm*,,,,,,,,99705,0,shopify,deny,manual,15.99,,TRUE,TRUE,,,,,035585499406,,,,FALSE,,,,,,,,,,,,,,,,Dog >> Dog Toy >> Dog Plush,,,,,,,,,,,,,,,,,,,,,,,,7.3405,TRUE,,,active
Kong---Holiday---Softies-Bear-Assorted-NS,Kong - Holiday - Softies Bear Assorted,,PETSlink Distribution Ltd.,,Pet Supplies,LaunchNoScans,TRUE,Size,,,,,,,,,22985,0,shopify,deny,manual,8.99,,TRUE,TRUE,,,,,035585531151,,,,FALSE,,,,,,,,,,,,,,,,Dog >> Dog Toy >> Dog Plush,,,,,,,,,,,,,,,,,,,,,,,,4.4808,TRUE,,,active
Kong---Holiday---Squeakair-Balls-Asstd-NS,Kong - Holiday - Squeakair Balls Asstd,,PETSlink Distribution Ltd.,,Pet Supplies,LaunchNoScans,TRUE,Size,,,,,,,,,23165,0,shopify,deny,manual,18.99,,TRUE,TRUE,,,,,035585505220,,,,FALSE,,,,,,,,,,,,,,,,Dog >> Dog Toy >> Dog Plush,,,,,,,,,,,,,,,,,,,,,,,,8.5514,TRUE,,,active
KONG---Holiday-Teaser-Loopz*-NS,KONG - Holiday Teaser Loopz*,,PETSlink Distribution Ltd.,,Pet Supplies,LaunchNoScans,TRUE,Size,,,,,,,,,99825,0,shopify,deny,manual,11.99,,TRUE,TRUE,,,,,035585526201,,,,FALSE,,,,,,,,,,,,,,,,Cat >> Cat Toy >> Cat Wands & Teasers,,,,,,,,,,,,,,,,,,,,,,,,5.4672,TRUE,,,active
KONG---Holiday-Wild-Knots-Bear-Assort-NS,KONG - Holiday Wild Knots Bear Assort,,PETSlink Distribution Ltd.,,Pet Supplies,LaunchNoScans,TRUE,Size,Md/Lg,,,,,,,,99695,0,shopify,deny,manual,22.99,,TRUE,TRUE,,,,,035585526089,,,,FALSE,,,,,,,,,,,,,,,,Dog >> Dog Toy >> Dog Plush,,,,,,,,,,,,,,,,,,,,,,,,10.3035,TRUE,,,active
KONG---Holiday-Wild-Knots-Bear-Assort-NS,KONG - Holiday Wild Knots Bear Assort,,PETSlink Distribution Ltd.,,Pet Supplies,LaunchNoScans,TRUE,Size,Sm/Md*,,,,,,,,99700,0,shopify,deny,manual,14.99,,TRUE,TRUE,,,,,035585526096,,,,FALSE,,,,,,,,,,,,,,,,Dog >> Dog Toy >> Dog Plush,,,,,,,,,,,,,,,,,,,,,,,,6.8818,TRUE,,,active
KONG---Holiday-Wrangler™-Cactus*-NS,KONG - Holiday Wrangler™ Cactus*,,PETSlink Distribution Ltd.,,Pet Supplies,LaunchNoScans,TRUE,Size,,,,,,,,,99840,0,shopify,deny,manual,11.99,,TRUE,TRUE,,,,,035585526232,,,,FALSE,,,,,,,,,,,,,,,,Cat >> Cat Toy >> Cat Mice Balls & Toys,,,,,,,,,,,,,,,,,,,,,,,,5.1996,TRUE,,,active
Kong--Scampers-Lion-NS,Kong -Scampers Lion,,Anipet Animal Supplies,,Pet Supplies,LaunchNoScans,TRUE,Size,Med,,,,,,,,35428,0,shopify,deny,manual,17.49,,TRUE,TRUE,,,,,035585499901,,,,FALSE,,,,,,,,,,,,,,,,Dog >> Dog Toy >> Dog Plush,,,,,,,,,,,,,,,,,,,,,,,,9.52,TRUE,,,active
Kurgo---Tru-Fit-Smart-Harness-Enhanced-Strength-BK-NS,Kurgo - Tru-Fit Smart Harness Enhanced Strength BK,,Trueman Distribution Ltd.,,Pet Supplies,LaunchNoScans,TRUE,Size,LG,,,,,,,,64573,0,shopify,deny,manual,60.99,,TRUE,TRUE,,,,,729849177512,,,,FALSE,,,,,,,,,,,,,,,,Health and Wellness >> Collars Leashes & Harnesses,,,,,,,,,,,,,,,,,,,,,,,,29.3475,TRUE,,,active
Kurgo---Tru-Fit-Smart-Harness-Enhanced-Strength-BK-NS,Kurgo - Tru-Fit Smart Harness Enhanced Strength BK,,Trueman Distribution Ltd.,,Pet Supplies,LaunchNoScans,TRUE,Size,LG.,,,,,,,,64008,0,shopify,deny,manual,54.99,,TRUE,TRUE,,,,,813146012581,,,,FALSE,,,,,,,,,,,,,,,,Health and Wellness >> Collars Leashes & Harnesses,,,,,,,,,,,,,,,,,,,,,,,,31.4769,TRUE,,,active
Kurgo---Tru-Fit-Smart-Harness-Enhanced-Strength-BK-NS,Kurgo - Tru-Fit Smart Harness Enhanced Strength BK,,Trueman Distribution Ltd.,,Pet Supplies,LaunchNoScans,TRUE,Size,MD,,,,,,,,64007,0,shopify,deny,manual,54.99,,TRUE,TRUE,,,,,813146012574,,,,FALSE,,,,,,,,,,,,,,,,Health and Wellness >> Collars Leashes & Harnesses,,,,,,,,,,,,,,,,,,,,,,,,31.4769,TRUE,,,active
Kurgo---Tru-Fit-Smart-Harness-Enhanced-Strength-BK-NS,Kurgo - Tru-Fit Smart Harness Enhanced Strength BK,,Trueman Distribution Ltd.,,Pet Supplies,LaunchNoScans,TRUE,Size,SM,,,,,,,,64006,0,shopify,deny,manual,54.99,,TRUE,TRUE,,,,,813146012567,,,,FALSE,,,,,,,,,,,,,,,,Health and Wellness >> Collars Leashes & Harnesses,,,,,,,,,,,,,,,,,,,,,,,,31.4769,TRUE,,,active
Kurgo---Tru-Fit-Smart-Harness-Enhanced-Strgth-BK-NS,Kurgo - Tru-Fit Smart Harness Enhanced Strgth BK,,Trueman Distribution Ltd.,,Pet Supplies,LaunchNoScans,TRUE,Size,XLG.,,,,,,,,64574,0,shopify,deny,manual,60.99,,TRUE,TRUE,,,,,729849177659,,,,FALSE,,,,,,,,,,,,,,,,Health and Wellness >> Collars Leashes & Harnesses,,,,,,,,,,,,,,,,,,,,,,,,29.3475,TRUE,,,active
Kurgo---Tru-Fit-Smart-Harness-Enhanced-Strgth-BK-NS,Kurgo - Tru-Fit Smart Harness Enhanced Strgth BK,,Trueman Distribution Ltd.,,Pet Supplies,LaunchNoScans,TRUE,Size,XLG,,,,,,,,64009,0,shopify,deny,manual,53.99,,TRUE,TRUE,,,,,813146012598,,,,FALSE,,,,,,,,,,,,,,,,Health and Wellness >> Collars Leashes & Harnesses,,,,,,,,,,,,,,,,,,,,,,,,28.938,TRUE,,,active
Kurgo---Tru-Fit-Smart-Harness-Size-NS,Kurgo - Tru-Fit Smart Harness Size,,Trueman Distribution Ltd.,,Pet Supplies,LaunchNoScans,TRUE,Size,Medium,,,,,,,,64572,0,shopify,deny,manual,60.99,,TRUE,TRUE,,,,,729849177505,,,,FALSE,,,,,,,,,,,,,,,,Health and Wellness >> Collars Leashes & Harnesses,,,,,,,,,,,,,,,,,,,,,,,,29.3475,TRUE,,,active
Livstrong---Himalayan-Chew---Infused-Coc-/-Ban-Lrg-NS,Livstrong - Himalayan Chew - Infused Coc / Ban Lrg,,PETSlink Distribution Ltd.,,Pet Supplies,LaunchNoScans,TRUE,Size,105g*,,,,,,,,23850,0,shopify,deny,manual,16.75,,TRUE,TRUE,,,,,628504505601,,,,FALSE,,,,,,,,,,,,,,,,Dog >> Dog Treat >> Dog Bones & Body Parts,,,,,,,,,,,,,,,,,,,,,,,,9.4875,TRUE,,,active
Livstrong---Himalayan-Chew---Infused-Map-/-Bac-Lrg-NS,Livstrong - Himalayan Chew - Infused Map / Bac Lrg,,PETSlink Distribution Ltd.,,Pet Supplies,LaunchNoScans,TRUE,Size,105g*,,,,,,,,23880,0,shopify,deny,manual,16.75,,TRUE,TRUE,,,,,628504505694,,,,FALSE,,,,,,,,,,,,,,,,Dog >> Dog Treat >> Dog Bones & Body Parts,,,,,,,,,,,,,,,,,,,,,,,,9.4875,TRUE,,,active
Livstrong---Infused-Himalayan-Yak-Chew-Maple-Bacon---Medium-NS,Livstrong - Infused Himalayan Yak Chew Maple Bacon - Medium,,PETSlink Distribution Ltd.,,Pet Supplies,LaunchNoScans,TRUE,Size,75g,,,,,,,,23875,0,shopify,deny,manual,12.99,,TRUE,TRUE,,,,,628504505687,,,,FALSE,,,,,,,,,,,,,,,,Dog >> Dog Treat >> Dog Bones & Body Parts,,,,,,,,,,,,,,,,,,,,,,,,7.43,TRUE,,,active
Livstrong---Infused-Himalayan-Yak-Chew-Maple-Bacon---XL-NS,Livstrong - Infused Himalayan Yak Chew Maple Bacon - XL,,PETSlink Distribution Ltd.,,Pet Supplies,LaunchNoScans,TRUE,Size,175g,,,,,,,,23885,0,shopify,deny,manual,24.99,,TRUE,TRUE,,,,,628504505908,,,,FALSE,,,,,,,,,,,,,,,,Dog >> Dog Treat >> Dog Bones & Body Parts,,,,,,,,,,,,,,,,,,,,,,,,14.3,TRUE,,,active
Merrick---Whole-Earth-Farms---Cat-Grain-Free-Tuna-&-Whitefish-NS,Merrick - Whole Earth Farms - Cat Grain Free Tuna & Whitefish,,,,Pet Supplies,LaunchNoScans,TRUE,Size,5oz*,,,,,,,,77765,0,shopify,deny,manual,2.89,,TRUE,TRUE,,,,,022808860082,,,,FALSE,,,,,,,,,,,,,,,,Cat >> Cat Food >> Cat Canned (Wet),,,,,,,,,,,,,,,,,,,,,,,,1.7129,TRUE,,,active
Muttluks---All-Weather-Black-NS,Muttluks - All Weather Black,,Triton Animal Supplies Inc.,,Pet Supplies,LaunchNoScans,TRUE,Size,Medium,,,,,,,,AWMLMBLK,0,shopify,deny,manual,79.99,,TRUE,TRUE,,,,,779922001555,,,,FALSE,,,,,,,,,,,,,,,,Safety >> Wearables,,,,,,,,,,,,,,,,,,,,,,,,38.5,TRUE,,,active
Muttluks---All-Weather-Black-NS,Muttluks - All Weather Black,,Triton Animal Supplies Inc.,,Pet Supplies,LaunchNoScans,TRUE,Size,Small,,,,,,,,AWMLSBLK,0,shopify,deny,manual,64.99,,TRUE,TRUE,,,,,779922001548,,,,FALSE,,,,,,,,,,,,,,,,Safety >> Wearables,,,,,,,,,,,,,,,,,,,,,,,,33,TRUE,,,active
Muttluks---All-Weather-Black-NS,Muttluks - All Weather Black,,Triton Animal Supplies Inc.,,Pet Supplies,LaunchNoScans,TRUE,Size,X-Large,,,,,,,,AWMLXLBLK,0,shopify,deny,manual,89.99,,TRUE,TRUE,,,,,779922001579,,,,FALSE,,,,,,,,,,,,,,,,Safety >> Wearables,,,,,,,,,,,,,,,,,,,,,,,,44,TRUE,,,active
Muttluks---All-Weather-Black-NS,Muttluks - All Weather Black,,Triton Animal Supplies Inc.,,Pet Supplies,LaunchNoScans,TRUE,Size,X-Small ,,,,,,,,AWMLXSBLK,0,shopify,deny,manual,64.99,,TRUE,TRUE,,,,,779922001531,,,,FALSE,,,,,,,,,,,,,,,,Safety >> Wearables,,,,,,,,,,,,,,,,,,,,,,,,33,TRUE,,,active
Muttluks---All-Weather-Black-NS,Muttluks - All Weather Black,,Triton Animal Supplies Inc.,,Pet Supplies,LaunchNoScans,TRUE,Size,XX-Large,,,,,,,,AWMLXXLBLK,0,shopify,deny,manual,89.99,,TRUE,TRUE,,,,,779922001586,,,,FALSE,,,,,,,,,,,,,,,,Safety >> Wearables,,,,,,,,,,,,,,,,,,,,,,,,44,TRUE,,,active
Muttluks---All-Weather-Black-NS,Muttluks - All Weather Black,,Triton Animal Supplies Inc.,,Pet Supplies,LaunchNoScans,TRUE,Size,XX-Small,,,,,,,,AWMLXXSBLK,0,shopify,deny,manual,64.99,,TRUE,TRUE,,,,,779922001524,,,,FALSE,,,,,,,,,,,,,,,,Safety >> Wearables,,,,,,,,,,,,,,,,,,,,,,,,33,TRUE,,,active
Muttluks---Fleece-Lined-Black-NS,Muttluks - Fleece Lined Black,,Triton Animal Supplies Inc.,,Pet Supplies,LaunchNoScans,TRUE,Size,Itty Bitty ,,,,,,,,FLMLIBBLK,0,shopify,deny,manual,65.99,,TRUE,TRUE,,,,,779922000084,,,,FALSE,,,,,,,,,,,,,,,,Safety >> Wearables,,,,,,,,,,,,,,,,,,,,,,,,33,TRUE,,,active
Muttluks---Fleece-Lined-Blue-NS,Muttluks - Fleece Lined Blue,,Triton Animal Supplies Inc.,,Pet Supplies,LaunchNoScans,TRUE,Size,Itty Bitty ,,,,,,,,FLMLIBB,0,shopify,deny,manual,64.99,,TRUE,TRUE,,,,,779922001012,,,,FALSE,,,,,,,,,,,,,,,,Safety >> Wearables,,,,,,,,,,,,,,,,,,,,,,,,33,TRUE,,,active
Muttluks---Fleece-Lined-Green-NS,Muttluks - Fleece Lined Green,,Triton Animal Supplies Inc.,,Pet Supplies,LaunchNoScans,TRUE,Size,Itty Bitty ,,,,,,,,FLMLIBGR,0,shopify,deny,manual,65.99,,TRUE,TRUE,,,,,779922000213,,,,FALSE,,,,,,,,,,,,,,,,Safety >> Wearables,,,,,,,,,,,,,,,,,,,,,,,,33,TRUE,,,active
Muttluks---Fleece-Lined-Green-NS,Muttluks - Fleece Lined Green,,Triton Animal Supplies Inc.,,Pet Supplies,LaunchNoScans,TRUE,Size,Large,,,,,,,,FLMLLGR,0,shopify,deny,manual,75.99,,TRUE,TRUE,,,,,779922000268,,,,FALSE,,,,,,,,,,,,,,,,Safety >> Wearables,,,,,,,,,,,,,,,,,,,,,,,,38.5,TRUE,,,active
Muttluks---Fleece-Lined-Green-NS,Muttluks - Fleece Lined Green,,Triton Animal Supplies Inc.,,Pet Supplies,LaunchNoScans,TRUE,Size,Medium,,,,,,,,FLMLMGR,0,shopify,deny,manual,75.99,,TRUE,TRUE,,,,,779922000251,,,,FALSE,,,,,,,,,,,,,,,,Safety >> Wearables,,,,,,,,,,,,,,,,,,,,,,,,38.5,TRUE,,,active
Muttluks---Fleece-Lined-Green-NS,Muttluks - Fleece Lined Green,,Triton Animal Supplies Inc.,,Pet Supplies,LaunchNoScans,TRUE,Size,Small,,,,,,,,FLMLSGR,0,shopify,deny,manual,65.99,,TRUE,TRUE,,,,,779922000244,,,,FALSE,,,,,,,,,,,,,,,,Safety >> Wearables,,,,,,,,,,,,,,,,,,,,,,,,33,TRUE,,,active
Muttluks---Fleece-Lined-Green-NS,Muttluks - Fleece Lined Green,,Triton Animal Supplies Inc.,,Pet Supplies,LaunchNoScans,TRUE,Size,X-Small,,,,,,,,FLMLXSGR,0,shopify,deny,manual,65.99,,TRUE,TRUE,,,,,779922000237,,,,FALSE,,,,,,,,,,,,,,,,Safety >> Wearables,,,,,,,,,,,,,,,,,,,,,,,,33,TRUE,,,active
Muttluks---Fleece-Lined-Green-NS,Muttluks - Fleece Lined Green,,Triton Animal Supplies Inc.,,Pet Supplies,LaunchNoScans,TRUE,Size,XX-Small,,,,,,,,FLMLXXSGR,0,shopify,deny,manual,65.99,,TRUE,TRUE,,,,,779922000220,,,,FALSE,,,,,,,,,,,,,,,,Safety >> Wearables,,,,,,,,,,,,,,,,,,,,,,,,33,TRUE,,,active
Muttluks---Fleece-Lined-Red-NS,Muttluks - Fleece Lined Red,,Triton Animal Supplies Inc.,,Pet Supplies,LaunchNoScans,TRUE,Size,Itty Bitty ,,,,,,,,FLMLIBR,0,shopify,deny,manual,65.99,,TRUE,TRUE,,,,,779922000312,,,,FALSE,,,,,,,,,,,,,,,,Safety >> Wearables,,,,,,,,,,,,,,,,,,,,,,,,33,TRUE,,,active
Muttluks---Woof-Walkers-Black-NS,Muttluks - Woof Walkers Black,,Triton Animal Supplies Inc.,,Pet Supplies,LaunchNoScans,TRUE,Size,Large,,,,,,,,WWLBLK,0,shopify,deny,manual,39.99,,TRUE,TRUE,,,,,779922000763,,,,FALSE,,,,,,,,,,,,,,,,Safety >> Wearables,,,,,,,,,,,,,,,,,,,,,,,,20,TRUE,,,active
Muttluks---Woof-Walkers-Black-NS,Muttluks - Woof Walkers Black,,Triton Animal Supplies Inc.,,Pet Supplies,LaunchNoScans,TRUE,Size,Medium,,,,,,,,WWMBLK,0,shopify,deny,manual,35.99,,TRUE,TRUE,,,,,779922000756,,,,FALSE,,,,,,,,,,,,,,,,Safety >> Wearables,,,,,,,,,,,,,,,,,,,,,,,,18,TRUE,,,active
Muttluks---Woof-Walkers-Black-NS,Muttluks - Woof Walkers Black,,Triton Animal Supplies Inc.,,Pet Supplies,LaunchNoScans,TRUE,Size,X-Large,,,,,,,,WWXLBLK,0,shopify,deny,manual,39.99,,TRUE,TRUE,,,,,779922000770,,,,FALSE,,,,,,,,,,,,,,,,Safety >> Wearables,,,,,,,,,,,,,,,,,,,,,,,,20,TRUE,,,active
Muttluks---Woof-Walkers-Black-NS,Muttluks - Woof Walkers Black,,Triton Animal Supplies Inc.,,Pet Supplies,LaunchNoScans,TRUE,Size,X-Small,,,,,,,,WWXSBLK,0,shopify,deny,manual,31.99,,TRUE,TRUE,,,,,779922000732,,,,FALSE,,,,,,,,,,,,,,,,Safety >> Wearables,,,,,,,,,,,,,,,,,,,,,,,,16,TRUE,,,active
Natural-Balance---LID---Cat-Green-Pea-&-Venison-NS,Natural Balance - LID - Cat Green Pea & Venison,,Pan Pacific Pet,,Pet Supplies,LaunchNoScans,TRUE,Size,4lb,,,,,,,,236-01478,0,shopify,deny,manual,34.99,,TRUE,TRUE,,,,,723633014786,,,,FALSE,,,,,,,,,,,,,,,,Cat >> Cat Food >> Cat Kibble (Dry),,,,,,,,,,,,,,,,,,,,,,,,21.81,TRUE,,,active
Naturally-Fresh---Cat---Quick-Clumping-Litter-NS,Naturally Fresh - Cat - Quick Clumping Litter,,Trueman Distribution Ltd.,,Pet Supplies,LaunchNoScans,TRUE,Size,40lb*,,,,,,,,40459,0,shopify,deny,manual,53.99,,TRUE,TRUE,,,,,750244250029,,,,FALSE,,,,,,,,,,,,,,,,Cat >> Litter,,,,,,,,,,,,,,,,,,,,,,,,37.05,TRUE,,,active
Nature's-Variety---Instinct---LID---Cat-Rabbit-NS,Nature's Variety - Instinct - LID - Cat Rabbit,,PETSlink Distribution Ltd.,,Pet Supplies,LaunchNoScans,TRUE,Size,3oz,,,,,,,,79620,0,shopify,deny,manual,3.69,,TRUE,TRUE,,,,,769949607540,,,,FALSE,,,,,,,,,,,,,,,,Cat >> Cat Food >> Cat Canned (Wet),,,,,,,,,,,,,,,,,,,,,,,,2.325,TRUE,,,active
Nature's-Variety---Instinct---LID---Cat-Rabbit-NS,Nature's Variety - Instinct - LID - Cat Rabbit,,PETSlink Distribution Ltd.,,Pet Supplies,LaunchNoScans,TRUE,Size,5.5oz,,,,,,,,79625,0,shopify,deny,manual,5.99,,TRUE,TRUE,,,,,769949607533,,,,FALSE,,,,,,,,,,,,,,,,Cat >> Cat Food >> Cat Canned (Wet),,,,,,,,,,,,,,,,,,,,,,,,3.78,TRUE,,,active
Nature's-Variety---Instinct---LID---Cat-Turkey-NS,Nature's Variety - Instinct - LID - Cat Turkey,,PETSlink Distribution Ltd.,,Pet Supplies,LaunchNoScans,TRUE,Size,3oz,,,,,,,,79635,0,shopify,deny,manual,2.79,,TRUE,TRUE,,,,,769949605751,,,,FALSE,,,,,,,,,,,,,,,,Cat >> Cat Food >> Cat Canned (Wet),,,,,,,,,,,,,,,,,,,,,,,,1.7625,TRUE,,,active
Nature's-Variety---Instinct---LID---Cat-Turkey-NS,Nature's Variety - Instinct - LID - Cat Turkey,,PETSlink Distribution Ltd.,,Pet Supplies,LaunchNoScans,TRUE,Size,5.5oz,,,,,,,,79110,0,shopify,deny,manual,4.09,,TRUE,TRUE,,,,,769949605768,,,,FALSE,,,,,,,,,,,,,,,,Cat >> Cat Food >> Cat Canned (Wet),,,,,,,,,,,,,,,,,,,,,,,,2.575,TRUE,,,active
Nature's-Variety---Instinct---LID---Dog-Lamb-NS,Nature's Variety - Instinct - LID - Dog Lamb,,PETSlink Distribution Ltd.,,Pet Supplies,LaunchNoScans,TRUE,Size,13.2oz,,,,,,,,79355,0,shopify,deny,manual,8.59,,TRUE,TRUE,,,,,769949605799,,,,FALSE,,,,,,,,,,,,,,,,Dog >> Dog Food >> Dog Canned (Wet),,,,,,,,,,,,,,,,,,,,,,,,5.4125,TRUE,,,active
Nature's-Variety---Instinct---Original---Cat-Chicken-NS,Nature's Variety - Instinct - Original - Cat Chicken,,PETSlink Distribution Ltd.,,Pet Supplies,LaunchNoScans,TRUE,Size,5.5oz,,,,,,,,79055,0,shopify,deny,manual,3.99,,TRUE,TRUE,,,,,769949607014,,,,FALSE,,,,,,,,,,,,,,,,Cat >> Cat Food >> Cat Canned (Wet),,,,,,,,,,,,,,,,,,,,,,,,2.51,TRUE,,,active
Nature's-Variety---Instinct---Original---Cat-Duck-NS,Nature's Variety - Instinct - Original - Cat Duck,,PETSlink Distribution Ltd.,,Pet Supplies,LaunchNoScans,TRUE,Size,3oz,,,,,,,,79060,0,shopify,deny,manual,3.19,,TRUE,TRUE,,,,,769949617365,,,,FALSE,,,,,,,,,,,,,,,,Cat >> Cat Food >> Cat Canned (Wet),,,,,,,,,,,,,,,,,,,,,,,,2.0125,TRUE,,,active
Nature's-Variety---Instinct---Original---Cat-Lamb-NS,Nature's Variety - Instinct - Original - Cat Lamb,,PETSlink Distribution Ltd.,,Pet Supplies,LaunchNoScans,TRUE,Size,3oz,,,,,,,,79070,0,shopify,deny,manual,3.19,,TRUE,TRUE,,,,,769949617266,,,,FALSE,,,,,,,,,,,,,,,,Cat >> Cat Food >> Cat Canned (Wet),,,,,,,,,,,,,,,,,,,,,,,,2.0125,TRUE,,,active
Nature's-Variety---Instinct---Original---Cat-Rabbit-NS,Nature's Variety - Instinct - Original - Cat Rabbit,,PETSlink Distribution Ltd.,,Pet Supplies,LaunchNoScans,TRUE,Size,3oz,,,,,,,,79080,0,shopify,deny,manual,3.69,,TRUE,TRUE,,,,,769949617464,,,,FALSE,,,,,,,,,,,,,,,,Cat >> Cat Food >> Cat Canned (Wet),,,,,,,,,,,,,,,,,,,,,,,,2.325,TRUE,,,active
Nature's-Variety---Instinct---Original---Cat-Salmon-NS,Nature's Variety - Instinct - Original - Cat Salmon,,PETSlink Distribution Ltd.,,Pet Supplies,LaunchNoScans,TRUE,Size,3oz,,,,,,,,79090,0,shopify,deny,manual,2.99,,TRUE,TRUE,,,,,769949605928,,,,FALSE,,,,,,,,,,,,,,,,Cat >> Cat Food >> Cat Canned (Wet),,,,,,,,,,,,,,,,,,,,,,,,1.875,TRUE,,,active
Nature's-Variety---Instinct---Original---Cat-Salmon-NS,Nature's Variety - Instinct - Original - Cat Salmon,,PETSlink Distribution Ltd.,,Pet Supplies,LaunchNoScans,TRUE,Size,5.5oz,,,,,,,,79095,0,shopify,deny,manual,4.49,,TRUE,TRUE,,,,,769949605935,,,,FALSE,,,,,,,,,,,,,,,,Cat >> Cat Food >> Cat Canned (Wet),,,,,,,,,,,,,,,,,,,,,,,,2.825,TRUE,,,active
NaturVet---Dog-Hip-Flex-Tabs-Level-3-NS,NaturVet - Dog Hip Flex Tabs Level 3,,Anipet Animal Supplies,,Pet Supplies,LaunchNoScans,TRUE,Size,40ct,,,,,,,,39999,0,shopify,deny,manual,32.99,,TRUE,TRUE,,,,,797801000451,,,,FALSE,,,,,,,,,,,,,,,,Vitamins & Solutions >> Joint,,,,,,,,,,,,,,,,,,,,,,,,18.135,TRUE,,,active
N-Gage---Hydro-Bumper-Jr-Orange-NS,N-Gage - Hydro Bumper Jr Orange,,Trueman Distribution Ltd.,,Pet Supplies,LaunchNoScans,TRUE,Size,,,,,,,,,13118,0,shopify,deny,manual,24.99,,TRUE,TRUE,,,,,810015891469,,,,FALSE,,,,,,,,,,,,,,,,Dog >> Dog Toy >> Dog Rubber,,,,,,,,,,,,,,,,,,,,,,,,14.65,TRUE,,,active
N-Gage---Jr-Active-Handler-Orange-NS,N-Gage - Jr Active Handler Orange,,Trueman Distribution Ltd.,,Pet Supplies,LaunchNoScans,TRUE,Size,,,,,,,,,13125,0,shopify,deny,manual,21.99,,TRUE,TRUE,,,,,810015891506,,,,FALSE,,,,,,,,,,,,,,,,Dog >> Dog Toy >> Dog Rubber,,,,,,,,,,,,,,,,,,,,,,,,12.95,TRUE,,,active
Northern-Biscuit---Dog---Mini-Biscuits-Oh-Canada-Mix-NS,Northern Biscuit - Dog - Mini Biscuits Oh Canada Mix,,Trueman Distribution Ltd.,,Pet Supplies,LaunchNoScans,TRUE,Size,450g*,,,,,,,,TMN42418,0,shopify,deny,manual,14.99,,TRUE,TRUE,,,,,622011523271,,,,FALSE,,,,,,,,,,,,,,,,Dog >> Dog Treat >> Dog Biscuits,,,,,,,,,,,,,,,,,,,,,,,,7.43,TRUE,,,active
NPIC-Puppy-Teething-Ring-Chicken-NS,NPIC Puppy Teething Ring Chicken,,Triton Animal Supplies Inc.,,Pet Supplies,LaunchNoScans,TRUE,Size,3pk,,,,,,,,611305,0,shopify,deny,manual,8.99,,TRUE,TRUE,,,,,657546113055,,,,FALSE,,,,,,,,,,,,,,,,Dental Care >> Chews & Treats,,,,,,,,,,,,,,,,,,,,,,,,5.34,TRUE,,,active
Nulo---Dog-Freeze-Dried---Raw-Lamb-&-Raspberries-NS,Nulo - Dog Freeze Dried - Raw Lamb & Raspberries,,PETSlink Distribution Ltd.,,Pet Supplies,LaunchNoScans,TRUE,Size,18oz*,,,,,,,,26885,0,shopify,deny,manual,67.99,,TRUE,TRUE,,,,,810125290756,,,,FALSE,,,,,,,,,,,,,,,,Dog >> Dog Food >> Dog Freeze Dried Meal,,,,,,,,,,,,,,,,,,,,,,,,37.835,TRUE,,,active
Nulo---Dog-Freeze-Dried---Raw-Lamb-&-Raspberries-NS,Nulo - Dog Freeze Dried - Raw Lamb & Raspberries,,PETSlink Distribution Ltd.,,Pet Supplies,LaunchNoScans,TRUE,Size,8oz*,,,,,,,,148PPDL26845,0,shopify,deny,manual,32.99,,TRUE,TRUE,,,,,810125290701,,,,FALSE,,,,,,,,,,,,,,,,Dog >> Dog Food >> Dog Freeze Dried Meal,,,,,,,,,,,,,,,,,,,,,,,,17.185,TRUE,,,active
Nulo---Freestyle---Cat-Chicken-&-Herring-NS,Nulo - Freestyle - Cat Chicken & Herring,,PETSlink Distribution Ltd.,,Pet Supplies,LaunchNoScans,TRUE,Size,5.5oz,,,,,,,,165PPDL86382,0,shopify,deny,manual,3.49,,TRUE,TRUE,,,,,810125294488,,,,FALSE,,,,,,,,,,,,,,,,Cat >> Cat Food >> Cat Canned (Wet),,,,,,,,,,,,,,,,,,,,,,,,2.065,TRUE,,,active
Nulo---Freestyle---Cat-Duck-&-Tuna-NS,Nulo - Freestyle - Cat Duck & Tuna,,PETSlink Distribution Ltd.,,Pet Supplies,LaunchNoScans,TRUE,Size,5.5oz,,,,,,,,166PPDL86383,0,shopify,deny,manual,3.49,,TRUE,TRUE,,,,,810125294495,,,,FALSE,,,,,,,,,,,,,,,,Cat >> Cat Food >> Cat Canned (Wet),,,,,,,,,,,,,,,,,,,,,,,,2.065,TRUE,,,active
Nulo---Freestyle---Cat-Grain-Free-Cat-&-Kitten-Chicken-&-Cod-NS,Nulo - Freestyle - Cat Grain Free Cat & Kitten Chicken & Cod,,PETSlink Distribution Ltd.,,Pet Supplies,LaunchNoScans,TRUE,Size,12lb,,,,,,,,161PPDL86458,0,shopify,deny,manual,71.99,,TRUE,TRUE,,,,,810125294396,,,,FALSE,,,,,,,,,,,,,,,,Cat >> Cat Food >> Cat Kibble (Dry),,,,,,,,,,,,,,,,,,,,,,,,47.3725,TRUE,,,active
Nulo---Freestyle---Cat-Grain-Free-Cat-&-Kitten-Chicken-&-Cod-NS,Nulo - Freestyle - Cat Grain Free Cat & Kitten Chicken & Cod,,PETSlink Distribution Ltd.,,Pet Supplies,LaunchNoScans,TRUE,Size,5lb,,,,,,,,160PPDL86407,0,shopify,deny,manual,35.99,,TRUE,TRUE,,,,,810125294389,,,,FALSE,,,,,,,,,,,,,,,,Cat >> Cat Food >> Cat Kibble (Dry),,,,,,,,,,,,,,,,,,,,,,,,22.645,TRUE,,,active
Nulo---Freestyle---Cat-Grain-Free-Cat-&-Kitten-Turkey-&-Duck-NS,Nulo - Freestyle - Cat Grain Free Cat & Kitten Turkey & Duck,,PETSlink Distribution Ltd.,,Pet Supplies,LaunchNoScans,TRUE,Size,12lb,,,,,,,,163PPDL86459,0,shopify,deny,manual,71.99,,TRUE,TRUE,,,,,810125294419,,,,FALSE,,,,,,,,,,,,,,,,Cat >> Cat Food >> Cat Kibble (Dry),,,,,,,,,,,,,,,,,,,,,,,,47.3725,TRUE,,,active
Nulo---Freestyle---Cat-Grain-Free-Cat-&-Kitten-Turkey-&-Duck-NS,Nulo - Freestyle - Cat Grain Free Cat & Kitten Turkey & Duck,,PETSlink Distribution Ltd.,,Pet Supplies,LaunchNoScans,TRUE,Size,5lb,,,,,,,,162PPDL86405,0,shopify,deny,manual,35.99,,TRUE,TRUE,,,,,810125294402,,,,FALSE,,,,,,,,,,,,,,,,Cat >> Cat Food >> Cat Kibble (Dry),,,,,,,,,,,,,,,,,,,,,,,,22.645,TRUE,,,active
Nulo---Freestyle---Cat-Grain-Free-Hairball-Management-Turkey-&-Cod-NS,Nulo - Freestyle - Cat Grain Free Hairball Management Turkey & Cod,,PETSlink Distribution Ltd.,,Pet Supplies,LaunchNoScans,TRUE,Size,12lb,,,,,,,,164PPDL86456,0,shopify,deny,manual,72.99,,TRUE,TRUE,,,,,810125294471,,,,FALSE,,,,,,,,,,,,,,,,Cat >> Cat Food >> Cat Kibble (Dry),,,,,,,,,,,,,,,,,,,,,,,,49.4375,TRUE,,,active
Nulo---Freestyle---Cat-Grain-Free-Hairball-Management-Turkey-&-Cod-NS,Nulo - Freestyle - Cat Grain Free Hairball Management Turkey & Cod,,PETSlink Distribution Ltd.,,Pet Supplies,LaunchNoScans,TRUE,Size,5lb*,,,,,,,,PDL86406,0,shopify,deny,manual,35.99,,TRUE,TRUE,,,,,811939022380,,,,FALSE,,,,,,,,,,,,,,,,Cat >> Cat Food >> Cat Kibble (Dry),,,,,,,,,,,,,,,,,,,,,,,,22.645,TRUE,,,active
Nulo---Freestyle---Cat-Minced-Beef-&-Mack-Gravy-NS,Nulo - Freestyle - Cat Minced Beef & Mack Gravy,,PETSlink Distribution Ltd.,,Pet Supplies,LaunchNoScans,TRUE,Size,3oz,,,,,,,,170PPDL86463,0,shopify,deny,manual,2.99,,TRUE,TRUE,,,,,810125294556,,,,FALSE,,,,,,,,,,,,,,,,Cat >> Cat Food >> Cat Canned (Wet),,,,,,,,,,,,,,,,,,,,,,,,1.7675,TRUE,,,active
Nulo---Freestyle---Cat-Minced-Turkey-&-Duck-in-Gravy-NS,Nulo - Freestyle - Cat Minced Turkey & Duck in Gravy,,PETSlink Distribution Ltd.,,Pet Supplies,LaunchNoScans,TRUE,Size,3oz,,,,,,,,PDL86376,0,shopify,deny,manual,2.99,,TRUE,TRUE,,,,,810125294570,,,,FALSE,,,,,,,,,,,,,,,,Cat >> Cat Food >> Cat Canned (Wet),,,,,,,,,,,,,,,,,,,,,,,,1.7675,TRUE,,,active
Nulo---Freestyle---Cat-Salmon-&-Mackerel-NS,Nulo - Freestyle - Cat Salmon & Mackerel,,PETSlink Distribution Ltd.,,Pet Supplies,LaunchNoScans,TRUE,Size,12.5oz,,,,,,,,86373,0,shopify,deny,manual,5.29,,TRUE,TRUE,,,,,810125294532,,,,FALSE,,,,,,,,,,,,,,,,Cat >> Cat Food >> Cat Canned (Wet),,,,,,,,,,,,,,,,,,,,,,,,3.1325,TRUE,,,active
Nulo---Freestyle---Cat-Salmon-&-Mackerel-NS,Nulo - Freestyle - Cat Salmon & Mackerel,,PETSlink Distribution Ltd.,,Pet Supplies,LaunchNoScans,TRUE,Size,5.5oz,,,,,,,,167PPDL86381,0,shopify,deny,manual,3.49,,TRUE,TRUE,,,,,810125294518,,,,FALSE,,,,,,,,,,,,,,,,Cat >> Cat Food >> Cat Canned (Wet),,,,,,,,,,,,,,,,,,,,,,,,2.065,TRUE,,,active
Nulo---Freestyle---Cat-Shredded-Chicken-&-Duck-in-Gravy-NS,Nulo - Freestyle - Cat Shredded Chicken & Duck in Gravy,,PETSlink Distribution Ltd.,,Pet Supplies,LaunchNoScans,TRUE,Size,3oz,,,,,,,,PDL86375,0,shopify,deny,manual,2.99,,TRUE,TRUE,,,,,810125294594,,,,FALSE,,,,,,,,,,,,,,,,Cat >> Cat Food >> Cat Canned (Wet),,,,,,,,,,,,,,,,,,,,,,,,1.7675,TRUE,,,active
Nulo---Freestyle---Cat-Shredded-Turkey-&-Halibut-in-Gravy-NS,Nulo - Freestyle - Cat Shredded Turkey & Halibut in Gravy,,PETSlink Distribution Ltd.,,Pet Supplies,LaunchNoScans,TRUE,Size,3oz,,,,,,,,PDL86378,0,shopify,deny,manual,2.99,,TRUE,TRUE,,,,,810125294600,,,,FALSE,,,,,,,,,,,,,,,,Cat >> Cat Food >> Cat Canned (Wet),,,,,,,,,,,,,,,,,,,,,,,,1.7675,TRUE,,,active
Nulo---Freestyle---Cat-Trout-&-Salmon-NS,Nulo - Freestyle - Cat Trout & Salmon,,PETSlink Distribution Ltd.,,Pet Supplies,LaunchNoScans,TRUE,Size,5.5oz,,,,,,,,PDL86380,0,shopify,deny,manual,3.49,,TRUE,TRUE,,,,,810125294501,,,,FALSE,,,,,,,,,,,,,,,,Cat >> Cat Food >> Cat Canned (Wet),,,,,,,,,,,,,,,,,,,,,,,,2.065,TRUE,,,active
Nulo---Freestyle---CatTurkey-&-Chicken-NS,Nulo - Freestyle - CatTurkey & Chicken,,PETSlink Distribution Ltd.,,Pet Supplies,LaunchNoScans,TRUE,Size,5.5oz*,,,,,,,,86379,0,shopify,deny,manual,3.49,,TRUE,TRUE,,,,,811939020454,,,,FALSE,,,,,,,,,,,,,,,,Cat >> Cat Food >> Cat Canned (Wet),,,,,,,,,,,,,,,,,,,,,,,,2.065,TRUE,,,active
"Nulo---Freestyle---Dog-Chicken,-Carrots-&-Peas-NS","Nulo - Freestyle - Dog Chicken, Carrots & Peas",,PETSlink Distribution Ltd.,,Pet Supplies,LaunchNoScans,TRUE,Size,13oz,,,,,,,,152PPDL86366,0,shopify,deny,manual,5.19,,TRUE,TRUE,,,,,810125294068,,,,FALSE,,,,,,,,,,,,,,,,Dog >> Dog Food >> Dog Canned (Wet),,,,,,,,,,,,,,,,,,,,,,,,3.36,TRUE,,,active
Nulo---Freestyle---Dog-Freeze-Dried-Turkey-&-Cranberries-NS,Nulo - Freestyle - Dog Freeze Dried Turkey & Cranberries,,PETSlink Distribution Ltd.,,Pet Supplies,LaunchNoScans,TRUE,Size,18oz,,,,,,,,156PPDL26870,0,shopify,deny,manual,67.99,,TRUE,TRUE,,,,,810125294259,,,,FALSE,,,,,,,,,,,,,,,,Dog >> Dog Food >> Dog Freeze Dried Meal,,,,,,,,,,,,,,,,,,,,,,,,37.835,TRUE,,,active
Nulo---Freestyle---Dog-Freeze-Dried-Turkey-&-Cranberries-NS,Nulo - Freestyle - Dog Freeze Dried Turkey & Cranberries,,PETSlink Distribution Ltd.,,Pet Supplies,LaunchNoScans,TRUE,Size,8oz,,,,,,,,155PPDL26850,0,shopify,deny,manual,32.99,,TRUE,TRUE,,,,,810125294242,,,,FALSE,,,,,,,,,,,,,,,,Dog >> Dog Food >> Dog Freeze Dried Meal,,,,,,,,,,,,,,,,,,,,,,,,17.185,TRUE,,,active
Nulo---Freestyle---Dog-Freeze-Dried-Turkey-&-Cranberries-NS,Nulo - Freestyle - Dog Freeze Dried Turkey & Cranberries,,PETSlink Distribution Ltd.,,Pet Supplies,LaunchNoScans,TRUE,Size,8oz*,,,,,,,,147PPDL26850,0,shopify,deny,manual,32.99,,TRUE,TRUE,,,,,810125290664,,,,FALSE,,,,,,,,,,,,,,,,Dog >> Dog Food >> Dog Freeze Dried Meal,,,,,,,,,,,,,,,,,,,,,,,,17.185,TRUE,,,active
Nulo---Freestyle---Dog-Grain-Free-Adult-Trim-Cod-&-Lentils-NS,Nulo - Freestyle - Dog Grain Free Adult Trim Cod & Lentils,,PETSlink Distribution Ltd.,,Pet Supplies,LaunchNoScans,TRUE,Size,4.5lb,,,,,,,,29870,0,shopify,deny,manual,32.99,,TRUE,TRUE,,,,,810125293788,,,,FALSE,,,,,,,,,,,,,,,,Dog >> Dog Food >> Dog Kibble (Dry),,,,,,,,,,,,,,,,,,,,,,,,19.5475,TRUE,,,active
Nulo---Freestyle---Dog-Jerky-Treat-Beef-Coconut-NS,Nulo - Freestyle - Dog Jerky Treat Beef Coconut,,PETSlink Distribution Ltd.,,Pet Supplies,LaunchNoScans,TRUE,Size,5oz*,,,,,,,,86455,0,shopify,deny,manual,18.99,,TRUE,TRUE,,,,,811939021307,,,,FALSE,,,,,,,,,,,,,,,,Dog >> Dog Treat >> Dog Jerky Treat,,,,,,,,,,,,,,,,,,,,,,,,9.8,TRUE,,,active
Nulo---Freestyle---Dog-Jerky-Treat-Chicken-Apple-NS,Nulo - Freestyle - Dog Jerky Treat Chicken Apple,,PETSlink Distribution Ltd.,,Pet Supplies,LaunchNoScans,TRUE,Size,5oz*,,,,,,,,86416,0,shopify,deny,manual,18.99,,TRUE,TRUE,,,,,811939021284,,,,FALSE,,,,,,,,,,,,,,,,Dog >> Dog Treat >> Dog Jerky Treat,,,,,,,,,,,,,,,,,,,,,,,,9.8,TRUE,,,active
Nulo---Freestyle---Dog-Jerky-Treat-Duck-Plum-NS,Nulo - Freestyle - Dog Jerky Treat Duck Plum,,PETSlink Distribution Ltd.,,Pet Supplies,LaunchNoScans,TRUE,Size,5oz*,,,,,,,,86417,0,shopify,deny,manual,18.99,,TRUE,TRUE,,,,,811939021277,,,,FALSE,,,,,,,,,,,,,,,,Dog >> Dog Treat >> Dog Jerky Treat,,,,,,,,,,,,,,,,,,,,,,,,9.8,TRUE,,,active
Nulo---Freestyle---Dog-Jerky-Treat-Salmon-Strawberry-NS,Nulo - Freestyle - Dog Jerky Treat Salmon Strawberry,,PETSlink Distribution Ltd.,,Pet Supplies,LaunchNoScans,TRUE,Size,5oz,,,,,,,,157PPDL86414,0,shopify,deny,manual,18.99,,TRUE,TRUE,,,,,810125294297,,,,FALSE,,,,,,,,,,,,,,,,Dog >> Dog Treat >> Dog Jerky Treat,,,,,,,,,,,,,,,,,,,,,,,,9.8,TRUE,,,active
Nulo---Freestyle---Dog-Jerky-Treat-Turkey-Cranberry-NS,Nulo - Freestyle - Dog Jerky Treat Turkey Cranberry,,PETSlink Distribution Ltd.,,Pet Supplies,LaunchNoScans,TRUE,Size,5oz*,,,,,,,,86415,0,shopify,deny,manual,18.99,,TRUE,TRUE,,,,,811939021291,,,,FALSE,,,,,,,,,,,,,,,,Dog >> Dog Treat >> Dog Jerky Treat,,,,,,,,,,,,,,,,,,,,,,,,9.8,TRUE,,,active
Nulo---Freestyle---Dog-Limited+-Grain-Free-Pollock-NS,Nulo - Freestyle - Dog Limited+ Grain Free Pollock,,PETSlink Distribution Ltd.,,Pet Supplies,LaunchNoScans,TRUE,Size,22lb,,,,,,,,151PPDL86386,0,shopify,deny,manual,124.99,,TRUE,TRUE,,,,,810125293917,,,,FALSE,,,,,,,,,,,,,,,,Dog >> Dog Food >> Dog Kibble (Dry),,,,,,,,,,,,,,,,,,,,,,,,84.665,TRUE,,,active
Nulo---Freestyle---Dog-Limited+-Grain-Free-Salmon-NS,Nulo - Freestyle - Dog Limited+ Grain Free Salmon,,PETSlink Distribution Ltd.,,Pet Supplies,LaunchNoScans,TRUE,Size,22lb,,,,,,,,86384,0,shopify,deny,manual,117.99,,TRUE,TRUE,,,,,811939021130,,,,FALSE,,,,,,,,,,,,,,,,Dog >> Dog Food >> Dog Kibble (Dry),,,,,,,,,,,,,,,,,,,,,,,,79.9225,TRUE,,,active
Nulo---Freestyle---Dog-Limited+-Grain-Free-Salmon-NS,Nulo - Freestyle - Dog Limited+ Grain Free Salmon,,PETSlink Distribution Ltd.,,Pet Supplies,LaunchNoScans,TRUE,Size,4lb,,,,,,,,150PPDL86401,0,shopify,deny,manual,33.99,,TRUE,TRUE,,,,,810125293887,,,,FALSE,,,,,,,,,,,,,,,,Dog >> Dog Food >> Dog Kibble (Dry),,,,,,,,,,,,,,,,,,,,,,,,20.1425,TRUE,,,active
Nulo---Freestyle---Dog-Salmon-&-Chickpeas-NS,Nulo - Freestyle - Dog Salmon & Chickpeas,,PETSlink Distribution Ltd.,,Pet Supplies,LaunchNoScans,TRUE,Size,13oz,,,,,,,,153PPDL86370,0,shopify,deny,manual,5.19,,TRUE,TRUE,,,,,810125294075,,,,FALSE,,,,,,,,,,,,,,,,Dog >> Dog Food >> Dog Canned (Wet),,,,,,,,,,,,,,,,,,,,,,,,3.36,TRUE,,,active
Nulo---Freestyle---Dog-Training-Treat-Duck-NS,Nulo - Freestyle - Dog Training Treat Duck,,PETSlink Distribution Ltd.,,Pet Supplies,LaunchNoScans,TRUE,Size,4oz,,,,,,,,PDL86423,0,shopify,deny,manual,10.99,,TRUE,TRUE,,,,,810125294358,,,,FALSE,,,,,,,,,,,,,,,,Dog >> Dog Treat >> Dog Soft Treat,,,,,,,,,,,,,,,,,,,,,,,,5.46,TRUE,,,active
Nulo---Freestyle---Dog-Training-Treat-Salmon-NS,Nulo - Freestyle - Dog Training Treat Salmon,,PETSlink Distribution Ltd.,,Pet Supplies,LaunchNoScans,TRUE,Size,4oz,,,,,,,,158PPDL86421,0,shopify,deny,manual,10.99,,TRUE,TRUE,,,,,810125294365,,,,FALSE,,,,,,,,,,,,,,,,Dog >> Dog Treat >> Dog Soft Treat,,,,,,,,,,,,,,,,,,,,,,,,5.46,TRUE,,,active
Nulo---Freestyle---Dog-Training-Treat-Turkey-NS,Nulo - Freestyle - Dog Training Treat Turkey,,PETSlink Distribution Ltd.,,Pet Supplies,LaunchNoScans,TRUE,Size,4oz,,,,,,,,159PPDL86422,0,shopify,deny,manual,10.99,,TRUE,TRUE,,,,,810125294372,,,,FALSE,,,,,,,,,,,,,,,,Dog >> Dog Treat >> Dog Soft Treat,,,,,,,,,,,,,,,,,,,,,,,,5.46,TRUE,,,active
Nulo---Freestyle---Dog-Turkey-&-Sweet-Potato-NS,Nulo - Freestyle - Dog Turkey & Sweet Potato,,PETSlink Distribution Ltd.,,Pet Supplies,LaunchNoScans,TRUE,Size,13oz,,,,,,,,PDL86424,0,shopify,deny,manual,5.19,,TRUE,TRUE,,,,,810125294082,,,,FALSE,,,,,,,,,,,,,,,,Dog >> Dog Food >> Dog Canned (Wet),,,,,,,,,,,,,,,,,,,,,,,,3.36,TRUE,,,active
Nulo---Signature-Stew---Dog---SB-Chicken-&-SW-Potato-NS,Nulo - Signature Stew - Dog - SB Chicken & SW Potato,,PETSlink Distribution Ltd.,,Pet Supplies,LaunchNoScans,TRUE,Size,2.8oz,,,,,,,,29725,0,shopify,deny,manual,2.99,,TRUE,TRUE,,,,,810125294099,,,,FALSE,,,,,,,,,,,,,,,,Dog >> Dog Food >> Dog Canned (Wet),,,,,,,,,,,,,,,,,,,,,,,,1.8375,TRUE,,,active
Nylabone---Original-Ham-Bone-NS,Nylabone - Original Ham Bone,,Anipet Animal Supplies,,Pet Supplies,LaunchNoScans,TRUE,Size,Giant,,,,,,,,ANP27145,0,shopify,deny,manual,19.99,,TRUE,TRUE,,,,,018214001041,,,,FALSE,,,,,,,,,,,,,,,,Dog >> Dog Toy >> Dog Nylon,,,,,,,,,,,,,,,,,,,,,,,,8.4575,TRUE,,,active
Nylabone---Original-Ham-Bone-NS,Nylabone - Original Ham Bone,,Anipet Animal Supplies,,Pet Supplies,LaunchNoScans,TRUE,Size,Petite,,,,,,,,27142,0,shopify,deny,manual,5.99,,TRUE,TRUE,,,,,018214001010,,,,FALSE,,,,,,,,,,,,,,,,Dog >> Dog Toy >> Dog Nylon,,,,,,,,,,,,,,,,,,,,,,,,2.4225,TRUE,,,active
Nylabone---Original-Ham-Bone-NS,Nylabone - Original Ham Bone,,Anipet Animal Supplies,,Pet Supplies,LaunchNoScans,TRUE,Size,Regular,,,,,,,,27143,0,shopify,deny,manual,8.99,,TRUE,TRUE,,,,,018214001027,,,,FALSE,,,,,,,,,,,,,,,,Dog >> Dog Toy >> Dog Nylon,,,,,,,,,,,,,,,,,,,,,,,,3.6975,TRUE,,,active
Nylabone---Original-Ham-Bone-NS,Nylabone - Original Ham Bone,,Anipet Animal Supplies,,Pet Supplies,LaunchNoScans,TRUE,Size,Wolf,,,,,,,,27144,0,shopify,deny,manual,12.99,,TRUE,TRUE,,,,,018214001034,,,,FALSE,,,,,,,,,,,,,,,,Dog >> Dog Toy >> Dog Nylon,,,,,,,,,,,,,,,,,,,,,,,,5.695,TRUE,,,active
Nylabone---Original-Ham-NS,Nylabone - Original Ham,,Anipet Animal Supplies,,Pet Supplies,LaunchNoScans,TRUE,Size,Souper,,,,,,,,27146,0,shopify,deny,manual,25.99,,TRUE,TRUE,,,,,018214555193,,,,FALSE,,,,,,,,,,,,,,,,Dog >> Dog Toy >> Dog Nylon,,,,,,,,,,,,,,,,,,,,,,,,11.0075,TRUE,,,active
Open-Farm---Dog-Ancient-Grain-Harvest-Chicken-NS,Open Farm - Dog Ancient Grain Harvest Chicken,,PANP,,Pet Supplies,LaunchNoScans,TRUE,Size,22lb,,,,,,,,99.99,0,shopify,deny,manual,,,TRUE,TRUE,,,,,683547125353,,,,FALSE,,,,,,,,,,,,,,,,647830663,,,,,,,,,,,,,,,,,,,,,,,,2,TRUE,,,active
OURPETS-PLAY-N-SQUEAK-REAL-BIRD-J-BIRD-NS,OURPETS PLAY N SQUEAK REAL BIRD J BIRD,,Anipet Animal Supplies,,Pet Supplies,LaunchNoScans,TRUE,Size,,,,,,,,,56857,0,shopify,deny,manual,11.99,,TRUE,TRUE,,,,,780824119569,,,,FALSE,,,,,,,,,,,,,,,,Cat >> Cat Toy >> Cat Mice Balls & Toys,,,,,,,,,,,,,,,,,,,,,,,,6.57,TRUE,,,active
Outward-Hound---Cat-Garden-Fur-Ends-NS,Outward Hound - Cat Garden Fur-Ends,,Anipet Animal Supplies,,Pet Supplies,LaunchNoScans,TRUE,Size,6PK,,,,,,,,55046,0,shopify,deny,manual,20.99,,TRUE,TRUE,,,,,700603709163,,,,FALSE,,,,,,,,,,,,,,,,Cat >> Cat Toy >> Cat Mice Balls & Toys,,,,,,,,,,,,,,,,,,,,,,,,12.4,TRUE,,,active
Outward-Hound---Cat-Orkakat-Catnip-Wiggle-Worm-Orange-NS,Outward Hound - Cat Orkakat Catnip Wiggle Worm Orange,,Anipet Animal Supplies,,Pet Supplies,LaunchNoScans,TRUE,Size,,,,,,,,,55039,0,shopify,deny,manual,6.99,,TRUE,TRUE,,,,,871864003298,,,,FALSE,,,,,,,,,,,,,,,,Cat >> Cat Toy >> Cat Mice Balls & Toys,,,,,,,,,,,,,,,,,,,,,,,,3.8,TRUE,,,active
Outward-Hound---Double-Tuff-Blue-NS,Outward Hound - Double-Tuff Blue,,Anipet Animal Supplies,,Pet Supplies,LaunchNoScans,TRUE,Size,Med,,,,,,,,36196,0,shopify,deny,manual,12.99,,TRUE,TRUE,,,,,700603715157,,,,FALSE,,,,,,,,,,,,,,,,Dog >> Dog Toy >> Dog Plush,,,,,,,,,,,,,,,,,,,,,,,,6.9,TRUE,,,active
Outwardhound---Puppak-Sling-Carrier-Grey-NS,Outwardhound - Puppak Sling Carrier Grey,,Anipet Animal Supplies,,Pet Supplies,LaunchNoScans,TRUE,Size,,,,,,,,,25425,0,shopify,deny,manual,61.99,,TRUE,TRUE,,,,,700603693486,,,,FALSE,,,,,,,,,,,,,,,,Dog >> Dog Toy >> Dog Plush,,,,,,,,,,,,,,,,,,,,,,,,34.0425,TRUE,,,active
Oxbow---Hay-Western-NS,Oxbow - Hay Western,,Pan Pacific Pet,,Pet Supplies,LaunchNoScans,TRUE,Size,15oz*,,,,,,,,44840225,0,shopify,deny,manual,7.99,,TRUE,TRUE,,,,,744845402253,,,,FALSE,,,,,,,,,,,,,,,,Small Animal,,,,,,,,,,,,,,,,,,,,,,,,4.25,TRUE,,,active
Oxbow---Hay-Western-NS,Oxbow - Hay Western,,Pan Pacific Pet,,Pet Supplies,LaunchNoScans,TRUE,Size,90oz,,,,,,,,44840229,0,shopify,deny,manual,29.99,,TRUE,TRUE,,,,,744845402291,,,,FALSE,,,,,,,,,,,,,,,,Small Animal,,,,,,,,,,,,,,,,,,,,,,,,16.61,TRUE,,,active
P&NP---Organic-Dental-Solutions-Plaque-&-Tartar-Control-Breath-Spray-NS,P&NP - Organic Dental Solutions Plaque & Tartar Control Breath Spray,,PETSlink Distribution Ltd.,,Pet Supplies,LaunchNoScans,TRUE,Size,4oz*,,,,,,,,89720,0,shopify,deny,manual,19.99,,TRUE,TRUE,,,,,814551024183,,,,FALSE,,,,,,,,,,,,,,,,Dental Care >> Clean Teeth,,,,,,,,,,,,,,,,,,,,,,,,9.516,TRUE,,,active
Petite-PL122-Collar-BLK-Stripes-NS,Petite PL122 Collar BLK Stripes,,Trueman Distribution Ltd.,,Pet Supplies,LaunchNoScans,TRUE,Size,2XS,,,,,,,,86606,0,shopify,deny,manual,10.99,,TRUE,TRUE,,,,,824348649116,,,,FALSE,,,,,,,,,,,,,,,,Health and Wellness >> Collars Leashes & Harnesses,,,,,,,,,,,,,,,,,,,,,,,,5.5,TRUE,,,active
Petite-PL122-Collar-BLUE-w/-Cactus-NS,Petite PL122 Collar BLUE w/ Cactus,,Trueman Distribution Ltd.,,Pet Supplies,LaunchNoScans,TRUE,Size,2XS,,,,,,,,86600,0,shopify,deny,manual,10.99,,TRUE,TRUE,,,,,824348649147,,,,FALSE,,,,,,,,,,,,,,,,Health and Wellness >> Collars Leashes & Harnesses,,,,,,,,,,,,,,,,,,,,,,,,5.5,TRUE,,,active
Petite-PL122-Collar-BLUE-w/-Dots-NS,Petite PL122 Collar BLUE w/ Dots,,Trueman Distribution Ltd.,,Pet Supplies,LaunchNoScans,TRUE,Size,2XS,,,,,,,,86604,0,shopify,deny,manual,10.99,,TRUE,TRUE,,,,,824348649123,,,,FALSE,,,,,,,,,,,,,,,,Health and Wellness >> Collars Leashes & Harnesses,,,,,,,,,,,,,,,,,,,,,,,,5.5,TRUE,,,active
Petite-PL122-Collar-PINK-Flowers-NS,Petite PL122 Collar PINK Flowers,,Trueman Distribution Ltd.,,Pet Supplies,LaunchNoScans,TRUE,Size,2XS,,,,,,,,86608,0,shopify,deny,manual,12.99,,TRUE,TRUE,,,,,688118001470,,,,FALSE,,,,,,,,,,,,,,,,Health and Wellness >> Collars Leashes & Harnesses,,,,,,,,,,,,,,,,,,,,,,,,5.5,TRUE,,,active
Petite-PP6025-Collar-PINK-Glitter-NS,Petite PP6025 Collar PINK Glitter,,Trueman Distribution Ltd.,,Pet Supplies,LaunchNoScans,TRUE,Size,2XS,,,,,,,,86614,0,shopify,deny,manual,11.99,,TRUE,TRUE,,,,,688118010632,,,,FALSE,,,,,,,,,,,,,,,,Health and Wellness >> Collars Leashes & Harnesses,,,,,,,,,,,,,,,,,,,,,,,,6,TRUE,,,active
Petite-PPF6A342-Harness-Mesh-BLK-NS,Petite PPF6A342 Harness Mesh BLK,,Trueman Distribution Ltd.,,Pet Supplies,LaunchNoScans,TRUE,Size,2XS,,,,,,,,86660,0,shopify,deny,manual,20.99,,TRUE,TRUE,,,,,824348646115,,,,FALSE,,,,,,,,,,,,,,,,Health and Wellness >> Collars Leashes & Harnesses,,,,,,,,,,,,,,,,,,,,,,,,10.5,TRUE,,,active
Petite-PPF6A342-Harness-Mesh-BLK-NS,Petite PPF6A342 Harness Mesh BLK,,Trueman Distribution Ltd.,,Pet Supplies,LaunchNoScans,TRUE,Size,3XS,,,,,,,,86659,0,shopify,deny,manual,19.99,,TRUE,TRUE,,,,,688118006673,,,,FALSE,,,,,,,,,,,,,,,,Health and Wellness >> Collars Leashes & Harnesses,,,,,,,,,,,,,,,,,,,,,,,,10,TRUE,,,active
Petite-PPF6A342-Harness-Mesh-BLUE/GRY-Stripe-NS,Petite PPF6A342 Harness Mesh BLUE/GRY Stripe,,Trueman Distribution Ltd.,,Pet Supplies,LaunchNoScans,TRUE,Size,2XS,,,,,,,,86669,0,shopify,deny,manual,20.99,,TRUE,TRUE,,,,,688118007205,,,,FALSE,,,,,,,,,,,,,,,,Health and Wellness >> Collars Leashes & Harnesses,,,,,,,,,,,,,,,,,,,,,,,,10.5,TRUE,,,active
Petite-PPF6A342-Harness-Mesh-BLUE/GRY-Stripe-NS,Petite PPF6A342 Harness Mesh BLUE/GRY Stripe,,Trueman Distribution Ltd.,,Pet Supplies,LaunchNoScans,TRUE,Size,3XS,,,,,,,,86668,0,shopify,deny,manual,19.99,,TRUE,TRUE,,,,,688118007199,,,,FALSE,,,,,,,,,,,,,,,,Health and Wellness >> Collars Leashes & Harnesses,,,,,,,,,,,,,,,,,,,,,,,,10,TRUE,,,active
Petite-PPF6A342-Harness-Mesh-Fuschia-NS,Petite PPF6A342 Harness Mesh Fuschia,,Trueman Distribution Ltd.,,Pet Supplies,LaunchNoScans,TRUE,Size,2XS,,,,,,,,86651,0,shopify,deny,manual,20.99,,TRUE,TRUE,,,,,824348646177,,,,FALSE,,,,,,,,,,,,,,,,Health and Wellness >> Collars Leashes & Harnesses,,,,,,,,,,,,,,,,,,,,,,,,10.5,TRUE,,,active
Petite-PPF6A342-Harness-Mesh-Fuschia-NS,Petite PPF6A342 Harness Mesh Fuschia,,Trueman Distribution Ltd.,,Pet Supplies,LaunchNoScans,TRUE,Size,3XS,,,,,,,,86650,0,shopify,deny,manual,19.99,,TRUE,TRUE,,,,,688118006642,,,,FALSE,,,,,,,,,,,,,,,,Health and Wellness >> Collars Leashes & Harnesses,,,,,,,,,,,,,,,,,,,,,,,,10,TRUE,,,active
Petite-PPF6A342-Harness-Mesh-GRY-NS,Petite PPF6A342 Harness Mesh GRY,,Trueman Distribution Ltd.,,Pet Supplies,LaunchNoScans,TRUE,Size,2XS,,,,,,,,86666,0,shopify,deny,manual,20.99,,TRUE,TRUE,,,,,824348646160,,,,FALSE,,,,,,,,,,,,,,,,Health and Wellness >> Collars Leashes & Harnesses,,,,,,,,,,,,,,,,,,,,,,,,10.5,TRUE,,,active
Petite-PPF6A342-Harness-Mesh-GRY-NS,Petite PPF6A342 Harness Mesh GRY,,Trueman Distribution Ltd.,,Pet Supplies,LaunchNoScans,TRUE,Size,3XS,,,,,,,,86665,0,shopify,deny,manual,19.99,,TRUE,TRUE,,,,,688118006697,,,,FALSE,,,,,,,,,,,,,,,,Health and Wellness >> Collars Leashes & Harnesses,,,,,,,,,,,,,,,,,,,,,,,,10,TRUE,,,active
Petite-PPF6A342-Harness-Mesh-Light-BLUE-NS,Petite PPF6A342 Harness Mesh Light BLUE,,Trueman Distribution Ltd.,,Pet Supplies,LaunchNoScans,TRUE,Size,2XS,,,,,,,,86654,0,shopify,deny,manual,20.99,,TRUE,TRUE,,,,,824348646122,,,,FALSE,,,,,,,,,,,,,,,,Health and Wellness >> Collars Leashes & Harnesses,,,,,,,,,,,,,,,,,,,,,,,,10.5,TRUE,,,active
Petite-PPF6A342-Harness-Mesh-Light-BLUE-NS,Petite PPF6A342 Harness Mesh Light BLUE,,Trueman Distribution Ltd.,,Pet Supplies,LaunchNoScans,TRUE,Size,3XS,,,,,,,,86653,0,shopify,deny,manual,19.99,,TRUE,TRUE,,,,,688118006659,,,,FALSE,,,,,,,,,,,,,,,,Health and Wellness >> Collars Leashes & Harnesses,,,,,,,,,,,,,,,,,,,,,,,,10,TRUE,,,active
Petite-PPF6A342-Harness-Mesh-PINK-Plaid-NS,Petite PPF6A342 Harness Mesh PINK Plaid,,Trueman Distribution Ltd.,,Pet Supplies,LaunchNoScans,TRUE,Size,2XS,,,,,,,,86672,0,shopify,deny,manual,20.99,,TRUE,TRUE,,,,,688118007236,,,,FALSE,,,,,,,,,,,,,,,,Health and Wellness >> Collars Leashes & Harnesses,,,,,,,,,,,,,,,,,,,,,,,,10.5,TRUE,,,active
Petite-PPF6A342-Harness-Mesh-PINK-Plaid-NS,Petite PPF6A342 Harness Mesh PINK Plaid,,Trueman Distribution Ltd.,,Pet Supplies,LaunchNoScans,TRUE,Size,3XS,,,,,,,,86671,0,shopify,deny,manual,19.99,,TRUE,TRUE,,,,,688118007229,,,,FALSE,,,,,,,,,,,,,,,,Health and Wellness >> Collars Leashes & Harnesses,,,,,,,,,,,,,,,,,,,,,,,,10,TRUE,,,active
Petmate---2-Door-Training-Retreats-Wire-Kennel-NS,Petmate - 2-Door Training Retreats Wire Kennel,,PETSlink Distribution Ltd.,,Pet Supplies,LaunchNoScans,TRUE,Size,"30""*",,,,,,,,82400,0,shopify,deny,manual,97.99,,TRUE,TRUE,,,,,029695219535,,,,FALSE,,,,,,,,,,,,,,,,Health and Wellness >> Crates & Containment,,,,,,,,,,,,,,,,,,,,,,,,64.9227,TRUE,,,active
Petmate---2-Door-Training-Retreats-Wire-Kennel-NS,Petmate - 2-Door Training Retreats Wire Kennel,,PETSlink Distribution Ltd.,,Pet Supplies,LaunchNoScans,TRUE,Size,"36""*",,,,,,,,82405,0,shopify,deny,manual,127.99,,TRUE,TRUE,,,,,029695219542,,,,FALSE,,,,,,,,,,,,,,,,Health and Wellness >> Crates & Containment,,,,,,,,,,,,,,,,,,,,,,,,86.3615,TRUE,,,active
Petmate---2-Door-Training-Retreats-Wire-Kennel-NS,Petmate - 2-Door Training Retreats Wire Kennel,,PETSlink Distribution Ltd.,,Pet Supplies,LaunchNoScans,TRUE,Size,"48""*",,,,,,,,83135,0,shopify,deny,manual,219.99,,TRUE,TRUE,,,,,029695219566,,,,FALSE,,,,,,,,,,,,,,,,Health and Wellness >> Crates & Containment,,,,,,,,,,,,,,,,,,,,,,,,144.3226,TRUE,,,active
Petmate---Cat-Hi-Back-Open-Litter-Pan-NS,Petmate - Cat Hi-Back Open Litter Pan,,PETSlink Distribution Ltd.,,Pet Supplies,LaunchNoScans,TRUE,Size,Jumbo,,,,,,,,82630,0,shopify,deny,manual,27.986,,TRUE,TRUE,,,,,029695420948,,,,FALSE,,,,,,,,,,,,,,,,Cat >> Litter Accessories,,,,,,,,,,,,,,,,,,,,,,,,14.7648,TRUE,,,active
Petmate---Cat-Litter-Pan-NS,Petmate - Cat Litter Pan,,PETSlink Distribution Ltd.,,Pet Supplies,LaunchNoScans,TRUE,Size,Jumbo,,,,,,,,82780,0,shopify,deny,manual,22.99,,TRUE,TRUE,,,,,029695221842,,,,FALSE,,,,,,,,,,,,,,,,Cat >> Litter Accessories,,,,,,,,,,,,,,,,,,,,,,,,10.1805,TRUE,,,active
Petmate---Cat-Litter-Pan-NS,Petmate - Cat Litter Pan,,PETSlink Distribution Ltd.,,Pet Supplies,LaunchNoScans,TRUE,Size,Large,,,,,,,,82785,0,shopify,deny,manual,13.986,,TRUE,TRUE,,,,,029695221835,,,,FALSE,,,,,,,,,,,,,,,,Cat >> Litter Accessories,,,,,,,,,,,,,,,,,,,,,,,,7.0623,TRUE,,,active
Pet-Planet---Bully-Stick-NS,Pet Planet - Bully Stick,,,,Pet Supplies,LaunchNoScans,TRUE,Size,1lb,,,,,,,,,0,shopify,deny,manual,26.69,,TRUE,TRUE,,,,,00210043,,,,FALSE,,,,,,,,,,,,,,,,Dog >> Dog Treat >> Dog Bully Sticks,,,,,,,,,,,,,,,,,,,,,,,,16.52,TRUE,,,active
Pet-Planet---KONG---Dog-Pet-Planet-Co-Branded-Ball-NS,Pet Planet - KONG - Dog Pet Planet Co-Branded Ball,,,,Pet Supplies,LaunchNoScans,TRUE,Size,Medium,,,,,,,,,0,shopify,deny,manual,2,,TRUE,TRUE,,,,,738752012025,,,,FALSE,,,,,,,,,,,,,,,,Dog >> Dog Toy >> Dog Fetch,,,,,,,,,,,,,,,,,,,,,,,,1.48,TRUE,,,active
PetSafe---CareLift-Rear-Support-Harness-Large-NS,PetSafe - CareLift Rear Support Harness Large,,Pan Pacific Pet,,Pet Supplies,LaunchNoScans,TRUE,Size,70-130lb*,,,,,,,,91200082,0,shopify,deny,manual,61.99,,TRUE,TRUE,,,,,891293000828,,,,FALSE,,,,,,,,,,,,,,,,Health and Wellness >> Collars Leashes & Harnesses,,,,,,,,,,,,,,,,,,,,,,,,35.69,TRUE,,,active
PetSafe---Come-with-Me-Kitty-Harness-&-Bungee-Leash-Blue-NS,PetSafe - Come with Me Kitty Harness & Bungee Leash Blue,,Pan Pacific Pet,,Pet Supplies,LaunchNoScans,TRUE,Size,Med,,,,,,,,29817469,0,shopify,deny,manual,33.99,,TRUE,TRUE,,,,,729849174696,,,,FALSE,,,,,,,,,,,,,,,,UNCLASSED,,,,,,,,,,,,,,,,,,,,,,,,12.02,TRUE,,,active
PetSafe---Come-with-Me-Kitty-Harness-&-Bungee-Leash-Roya*-NS,PetSafe - Come with Me Kitty Harness & Bungee Leash Roya*,,Pan Pacific Pet,,Pet Supplies,LaunchNoScans,TRUE,Size,Large,,,,,,,,59007615,0,shopify,deny,manual,33.99,,TRUE,TRUE,,,,,759023076157,,,,FALSE,,,,,,,,,,,,,,,,Health and Wellness >> Collars Leashes & Harnesses,,,,,,,,,,,,,,,,,,,,,,,,12.02,TRUE,,,active
PetSafe---Freedom-Pet-Door-Aluminum-NS,PetSafe - Freedom Pet Door Aluminum,,Pan Pacific Pet,,Pet Supplies,LaunchNoScans,TRUE,Size,Large*,,,,,,,,29810861,0,shopify,deny,manual,155.99,,TRUE,TRUE,,,,,729849108615,,,,FALSE,,,,,,,,,,,,,,,,Health and Wellness >> Crates & Containment,,,,,,,,,,,,,,,,,,,,,,,,102.9906,TRUE,,,active
Petsafe---Happy-Ride-Dog-Metal-Barrier*-NS,Petsafe - Happy Ride Dog Metal Barrier*,,Pan Pacific Pet,,Pet Supplies,LaunchNoScans,TRUE,Size,,,,,,,,,52100165,0,shopify,deny,manual,140.99,,TRUE,TRUE,,,,,852185001651,,,,FALSE,,,,,,,,,,,,,,,,Health and Wellness >> Crates & Containment,,,,,,,,,,,,,,,,,,,,,,,,79.66,TRUE,,,active
Precision---Gusset-Low-Bump-Pillow-Chocolate-NS,Precision - Gusset Low Bump Pillow Chocolate,,Pan Pacific Pet,,Pet Supplies,LaunchNoScans,TRUE,Size,27x36,,,,,,,,71575813,0,shopify,deny,manual,92.49,,TRUE,TRUE,,,,,715764758127,,,,FALSE,,,,,,,,,,,,,,,,Health and Wellness >> Beds & Blankets,,,,,,,,,,,,,,,,,,,,,,,,57.49,TRUE,,,active
Purebites---Dog-Cheddar-Cheese--NS,Purebites - Dog Cheddar Cheese ,,PETSlink Distribution Ltd.,,Pet Supplies,LaunchNoScans,TRUE,Size,4.2oz,,,,,,,,83430,0,shopify,deny,manual,14.99,,TRUE,TRUE,,,,,878968001083,,,,FALSE,,,,,,,,,,,,,,,,Dog >> Dog Treat >> Dog Freeze Dried Treat,,,,,,,,,,,,,,,,,,,,,,,,9.6,TRUE,,,active
Purebites---Dog-Duck-NS,Purebites - Dog Duck,,PETSlink Distribution Ltd.,,Pet Supplies,LaunchNoScans,TRUE,Size,2.6oz,,,,,,,,83455,0,shopify,deny,manual,14.99,,TRUE,TRUE,,,,,878968000741,,,,FALSE,,,,,,,,,,,,,,,,Dog >> Dog Treat >> Dog Freeze Dried Treat,,,,,,,,,,,,,,,,,,,,,,,,9.6,TRUE,,,active
Purebites---Dog---Freeze-Dried-Cheddar-Cheese-NS,Purebites - Dog - Freeze Dried Cheddar Cheese,,Anipet Animal Supplies,,Pet Supplies,LaunchNoScans,TRUE,Size,16.6oz ,,,,,,,,25134,0,shopify,deny,manual,47.99,,TRUE,TRUE,,,,,878968000260,,,,FALSE,,,,,,,,,,,,,,,,Dog >> Dog Treat >> Dog Freeze Dried Treat,,,,,,,,,,,,,,,,,,,,,,,,30.015,TRUE,,,active
RC-Pet---Baseline-Fleece-Arctic-Blue/Tennis-NS,RC Pet - Baseline Fleece Arctic Blue/Tennis,,RC Pets,,Pet Supplies,LaunchNoScans,TRUE,Size,10,,,,,,,,66010112,0,shopify,deny,manual,27.99,,TRUE,TRUE,,,,,778810904596,,,,FALSE,,,,,,,,,,,,,,,,Safety >> Wearables,,,,,,,,,,,,,,,,,,,,,,,,14,TRUE,,,active
RC-Pet---Baseline-Fleece-Arctic-Blue/Tennis-NS,RC Pet - Baseline Fleece Arctic Blue/Tennis,,RC Pets,,Pet Supplies,LaunchNoScans,TRUE,Size,12,,,,,,,,66012112,0,shopify,deny,manual,29.99,,TRUE,TRUE,,,,,778810904602,,,,FALSE,,,,,,,,,,,,,,,,Safety >> Wearables,,,,,,,,,,,,,,,,,,,,,,,,15,TRUE,,,active
RC-Pet---Baseline-Fleece-Arctic-Blue/Tennis-NS,RC Pet - Baseline Fleece Arctic Blue/Tennis,,RC Pets,,Pet Supplies,LaunchNoScans,TRUE,Size,14,,,,,,,,66014112,0,shopify,deny,manual,31.99,,TRUE,TRUE,,,,,778810904619,,,,FALSE,,,,,,,,,,,,,,,,Safety >> Wearables,,,,,,,,,,,,,,,,,,,,,,,,16,TRUE,,,active
RC-Pet---Baseline-Fleece-Arctic-Blue/Tennis-NS,RC Pet - Baseline Fleece Arctic Blue/Tennis,,RC Pets,,Pet Supplies,LaunchNoScans,TRUE,Size,16,,,,,,,,66016112,0,shopify,deny,manual,34.99,,TRUE,TRUE,,,,,778810904626,,,,FALSE,,,,,,,,,,,,,,,,Safety >> Wearables,,,,,,,,,,,,,,,,,,,,,,,,17.5,TRUE,,,active
RC-Pet---Baseline-Fleece-Arctic-Blue/Tennis-NS,RC Pet - Baseline Fleece Arctic Blue/Tennis,,RC Pets,,Pet Supplies,LaunchNoScans,TRUE,Size,18,,,,,,,,66018112,0,shopify,deny,manual,36.99,,TRUE,TRUE,,,,,778810904633,,,,FALSE,,,,,,,,,,,,,,,,Safety >> Wearables,,,,,,,,,,,,,,,,,,,,,,,,18.5,TRUE,,,active
RC-Pet---Baseline-Fleece-Arctic-Blue/Tennis-NS,RC Pet - Baseline Fleece Arctic Blue/Tennis,,RC Pets,,Pet Supplies,LaunchNoScans,TRUE,Size,20,,,,,,,,66020112,0,shopify,deny,manual,39.99,,TRUE,TRUE,,,,,778810904640,,,,FALSE,,,,,,,,,,,,,,,,Safety >> Wearables,,,,,,,,,,,,,,,,,,,,,,,,20,TRUE,,,active
RC-Pet---Baseline-Fleece-Arctic-Blue/Tennis-NS,RC Pet - Baseline Fleece Arctic Blue/Tennis,,RC Pets,,Pet Supplies,LaunchNoScans,TRUE,Size,22,,,,,,,,66022112,0,shopify,deny,manual,41.99,,TRUE,TRUE,,,,,778810904657,,,,FALSE,,,,,,,,,,,,,,,,Safety >> Wearables,,,,,,,,,,,,,,,,,,,,,,,,21,TRUE,,,active
RC-Pet---Baseline-Fleece-Arctic-Blue/Tennis-NS,RC Pet - Baseline Fleece Arctic Blue/Tennis,,RC Pets,,Pet Supplies,LaunchNoScans,TRUE,Size,24,,,,,,,,66024112,0,shopify,deny,manual,44.99,,TRUE,TRUE,,,,,778810904664,,,,FALSE,,,,,,,,,,,,,,,,Safety >> Wearables,,,,,,,,,,,,,,,,,,,,,,,,22.5,TRUE,,,active
RC-Pet---Baseline-Fleece-Arctic-Blue/Tennis-NS,RC Pet - Baseline Fleece Arctic Blue/Tennis,,RC Pets,,Pet Supplies,LaunchNoScans,TRUE,Size,26,,,,,,,,66026112,0,shopify,deny,manual,47.99,,TRUE,TRUE,,,,,778810904671,,,,FALSE,,,,,,,,,,,,,,,,Safety >> Wearables,,,,,,,,,,,,,,,,,,,,,,,,24,TRUE,,,active
RC-Pet---Baseline-Fleece-Arctic-Blue/Tennis-NS,RC Pet - Baseline Fleece Arctic Blue/Tennis,,RC Pets,,Pet Supplies,LaunchNoScans,TRUE,Size,8,,,,,,,,66008112,0,shopify,deny,manual,26.99,,TRUE,TRUE,,,,,778810904589,,,,FALSE,,,,,,,,,,,,,,,,Safety >> Wearables,,,,,,,,,,,,,,,,,,,,,,,,13.5,TRUE,,,active
RC-Pet---Clip-Collar-In-the-Clouds-NS,RC Pet - Clip Collar In the Clouds,,RC Pets,,Pet Supplies,LaunchNoScans,TRUE,Size,S 3/4,,,,,,,,53003373,0,shopify,deny,manual,16.99,,TRUE,TRUE,,,,,778810915752,,,,FALSE,,,,,,,,,,,,,,,,Health and Wellness >> Collars Leashes & Harnesses,,,,,,,,,,,,,,,,,,,,,,,,8.5,TRUE,,,active
RC-Pet---Clip-Collar-In-the-Clouds-NS,RC Pet - Clip Collar In the Clouds,,RC Pets,,Pet Supplies,LaunchNoScans,TRUE,Size,XS 5/8,,,,,,,,53002373,0,shopify,deny,manual,15.99,,TRUE,TRUE,,,,,778810915691,,,,FALSE,,,,,,,,,,,,,,,,Health and Wellness >> Collars Leashes & Harnesses,,,,,,,,,,,,,,,,,,,,,,,,8,TRUE,,,active
RC-Pet----Easy-clip-web-training-collar-Pineapple-Parade-NS,RC Pet -  Easy clip web training collar Pineapple Parade,,RC Pets,,Pet Supplies,LaunchNoScans,TRUE,Size,L,,,,,,,,65905251,0,shopify,deny,manual,28.99,,TRUE,TRUE,,,,,778810890523,,,,FALSE,,,,,,,,,,,,,,,,Health and Wellness >> Collars Leashes & Harnesses,,,,,,,,,,,,,,,,,,,,,,,,13.05,TRUE,,,active
RC-Pet----Easy-clip-web-training-collar-Pineapple-Parade-NS,RC Pet -  Easy clip web training collar Pineapple Parade,,RC Pets,,Pet Supplies,LaunchNoScans,TRUE,Size,M,,,,,,,,65904251,0,shopify,deny,manual,26.99,,TRUE,TRUE,,,,,778810890516,,,,FALSE,,,,,,,,,,,,,,,,Health and Wellness >> Collars Leashes & Harnesses,,,,,,,,,,,,,,,,,,,,,,,,12.15,TRUE,,,active
RC-Pet----Easy-clip-web-training-collar-Pineapple-Parade-NS,RC Pet -  Easy clip web training collar Pineapple Parade,,RC Pets,,Pet Supplies,LaunchNoScans,TRUE,Size,S,,,,,,,,65903251,0,shopify,deny,manual,24.99,,TRUE,TRUE,,,,,778810890509,,,,FALSE,,,,,,,,,,,,,,,,Health and Wellness >> Collars Leashes & Harnesses,,,,,,,,,,,,,,,,,,,,,,,,11.25,TRUE,,,active
RC-Pet----Easy-clip-web-training-collar-Tan-Tartan-NS,RC Pet -  Easy clip web training collar Tan Tartan,,RC Pets,,Pet Supplies,LaunchNoScans,TRUE,Size,L,,,,,,,,65905069,0,shopify,deny,manual,28.99,,TRUE,TRUE,,,,,778810882962,,,,FALSE,,,,,,,,,,,,,,,,Health and Wellness >> Collars Leashes & Harnesses,,,,,,,,,,,,,,,,,,,,,,,,13.05,TRUE,,,active
RC-Pet----Easy-clip-web-training-collar-Tan-Tartan-NS,RC Pet -  Easy clip web training collar Tan Tartan,,RC Pets,,Pet Supplies,LaunchNoScans,TRUE,Size,XS,,,,,,,,65902069,0,shopify,deny,manual,22.99,,TRUE,TRUE,,,,,778810883129,,,,FALSE,,,,,,,,,,,,,,,,Health and Wellness >> Collars Leashes & Harnesses,,,,,,,,,,,,,,,,,,,,,,,,10.35,TRUE,,,active
RC-Pet--Eco-Clip-Collar-Gleeful-Gingham-NS,RC Pet -Eco Clip Collar Gleeful Gingham,,RC Pets,,Pet Supplies,LaunchNoScans,TRUE,Size,M 1,,,,,,,,55304416,0,shopify,deny,manual,20,,TRUE,TRUE,,,,,778810922499,,,,FALSE,,,,,,,,,,,,,,,,Health and Wellness >> Collars Leashes & Harnesses,,,,,,,,,,,,,,,,,,,,,,,,10,TRUE,,,active
RC-Pet---Eco-Clip-Collar-Gleeful-Gingham-NSS,RC Pet - Eco Clip Collar Gleeful Gingham,,RC Pets,,Pet Supplies,LaunchNoScans,TRUE,Size,L 1,,,,,,,,55305416,0,shopify,deny,manual,20.99,,TRUE,TRUE,,,,,778810922569,,,,FALSE,,,,,,,,,,,,,,,,Health and Wellness >> Collars Leashes & Harnesses,,,,,,,,,,,,,,,,,,,,,,,,10.5,TRUE,,,active
RC-Pet---Eco-Clip-Collar-Gleeful-Gingham-NSS,RC Pet - Eco Clip Collar Gleeful Gingham,,RC Pets,,Pet Supplies,LaunchNoScans,TRUE,Size,M 3/4,,,,,,,,RC55304416,0,shopify,deny,manual,19.99,,TRUE,TRUE,,,,,778810922491,,,,FALSE,,,,,,,,,,,,,,,,Health and Wellness >> Collars Leashes & Harnesses,,,,,,,,,,,,,,,,,,,,,,,,10,TRUE,,,active
RC-Pet---Eco-Clip-Collar-Gleeful-Gingham-NSS,RC Pet - Eco Clip Collar Gleeful Gingham,,RC Pets,,Pet Supplies,LaunchNoScans,TRUE,Size,S 3/4,,,,,,,,55303416,0,shopify,deny,manual,18.99,,TRUE,TRUE,,,,,778810922439,,,,FALSE,,,,,,,,,,,,,,,,Health and Wellness >> Collars Leashes & Harnesses,,,,,,,,,,,,,,,,,,,,,,,,9.5,TRUE,,,active
RC-Pet---Leash-Primary-Charcoal-NS,RC Pet - Leash Primary Charcoal,,RC Pets,,Pet Supplies,LaunchNoScans,TRUE,Size,1/2x6,,,,,,,,74112012,0,shopify,deny,manual,17.99,,TRUE,TRUE,,,,,778810867372,,,,FALSE,,,,,,,,,,,,,,,,Health and Wellness >> Collars Leashes & Harnesses,,,,,,,,,,,,,,,,,,,,,,,,8.1,TRUE,,,active
RC-Pets---Easy-clip-web-training-collar-Goji-Chevron-NS,RC Pets - Easy clip web training collar Goji Chevron,,RC Pets,,Pet Supplies,LaunchNoScans,TRUE,Size,XS,,,,,,,,65902348,0,shopify,deny,manual,22.99,,TRUE,TRUE,,,,,778810910528,,,,FALSE,,,,,,,,,,,,,,,,Health and Wellness >> Collars Leashes & Harnesses,,,,,,,,,,,,,,,,,,,,,,,,10.35,TRUE,,,active
RC-Pets---Packable-Rain-Poncho-Clay-Floral-NS,RC Pets - Packable Rain Poncho Clay Floral,,RC Pets,,Pet Supplies,LaunchNoScans,TRUE,Size,L,,,,,,,,58805349,0,shopify,deny,manual,19.99,,TRUE,TRUE,,,,,778810908655,,,,FALSE,,,,,,,,,,,,,,,,Safety >> Wearables,,,,,,,,,,,,,,,,,,,,,,,,10,TRUE,,,active
RC-Pets---Packable-Rain-Poncho-Clay-Floral-NS,RC Pets - Packable Rain Poncho Clay Floral,,RC Pets,,Pet Supplies,LaunchNoScans,TRUE,Size,M,,,,,,,,58804349,0,shopify,deny,manual,18.99,,TRUE,TRUE,,,,,778810908648,,,,FALSE,,,,,,,,,,,,,,,,Safety >> Wearables,,,,,,,,,,,,,,,,,,,,,,,,9.5,TRUE,,,active
RC-Pets---Packable-Rain-Poncho-Clay-Floral-NS,RC Pets - Packable Rain Poncho Clay Floral,,RC Pets,,Pet Supplies,LaunchNoScans,TRUE,Size,S,,,,,,,,58803349,0,shopify,deny,manual,17.99,,TRUE,TRUE,,,,,778810908631,,,,FALSE,,,,,,,,,,,,,,,,Safety >> Wearables,,,,,,,,,,,,,,,,,,,,,,,,9,TRUE,,,active
RC-Pets---Packable-Rain-Poncho-Clay-Floral-NS,RC Pets - Packable Rain Poncho Clay Floral,,RC Pets,,Pet Supplies,LaunchNoScans,TRUE,Size,XS,,,,,,,,58802349,0,shopify,deny,manual,16.99,,TRUE,TRUE,,,,,778810908624,,,,FALSE,,,,,,,,,,,,,,,,Safety >> Wearables,,,,,,,,,,,,,,,,,,,,,,,,8.5,TRUE,,,active
RC-Pets---Packable-Rain-Poncho-Clay-Floral-NS,RC Pets - Packable Rain Poncho Clay Floral,,RC Pets,,Pet Supplies,LaunchNoScans,TRUE,Size,XXL,,,,,,,,58807349,0,shopify,deny,manual,24.99,,TRUE,TRUE,,,,,778810908679,,,,FALSE,,,,,,,,,,,,,,,,Safety >> Wearables,,,,,,,,,,,,,,,,,,,,,,,,12.5,TRUE,,,active
RC-Pets---Starling-Reflective-Jacket-Silver-NS,RC Pets - Starling Reflective Jacket Silver,,RC Pets,,Pet Supplies,LaunchNoScans,TRUE,Size,M,,,,,,,,69704065,0,shopify,deny,manual,54.99,,TRUE,TRUE,,,,,778810907610,,,,FALSE,,,,,,,,,,,,,,,,Safety >> Wearables,,,,,,,,,,,,,,,,,,,,,,,,27.5,TRUE,,,active
RC-Pets---Starling-Reflective-Jacket-Silver-NS,RC Pets - Starling Reflective Jacket Silver,,RC Pets,,Pet Supplies,LaunchNoScans,TRUE,Size,S,,,,,,,,69703065,0,shopify,deny,manual,49.99,,TRUE,TRUE,,,,,778810907603,,,,FALSE,,,,,,,,,,,,,,,,Safety >> Wearables,,,,,,,,,,,,,,,,,,,,,,,,25,TRUE,,,active
RC-Pets---Starling-Reflective-Jacket-Silver-NS,RC Pets - Starling Reflective Jacket Silver,,RC Pets,,Pet Supplies,LaunchNoScans,TRUE,Size,XS,,,,,,,,69702065,0,shopify,deny,manual,44.99,,TRUE,TRUE,,,,,778810907597,,,,FALSE,,,,,,,,,,,,,,,,Safety >> Wearables,,,,,,,,,,,,,,,,,,,,,,,,22.5,TRUE,,,active
RC-Pets---Starling-Reflective-Jacket-Silver-NS,RC Pets - Starling Reflective Jacket Silver,,RC Pets,,Pet Supplies,LaunchNoScans,TRUE,Size,XXS,,,,,,,,69701065,0,shopify,deny,manual,39.99,,TRUE,TRUE,,,,,778810907580,,,,FALSE,,,,,,,,,,,,,,,,Safety >> Wearables,,,,,,,,,,,,,,,,,,,,,,,,20,TRUE,,,active
RC-Pets---Training-Collar-Popstar-NS,RC Pets - Training Collar Popstar,,RC Pets,,Pet Supplies,LaunchNoScans,TRUE,Size,M,,,,,,,,54004381,0,shopify,deny,manual,23.99,,TRUE,TRUE,,,,,778810918128,,,,FALSE,,,,,,,,,,,,,,,,Health and Wellness >> Collars Leashes & Harnesses,,,,,,,,,,,,,,,,,,,,,,,,12,TRUE,,,active
RC-Pet----Training-Collar-Bright-Paisley-NS,RC Pet -  Training Collar Bright Paisley,,RC Pets,,Pet Supplies,LaunchNoScans,TRUE,Size,L,,,,,,,,54005329,0,shopify,deny,manual,27.99,,TRUE,TRUE,,,,,778810896624,,,,FALSE,,,,,,,,,,,,,,,,Health and Wellness >> Collars Leashes & Harnesses,,,,,,,,,,,,,,,,,,,,,,,,12.6,TRUE,,,active
RC-Pet----Training-Collar-Bright-Paisley-NS,RC Pet -  Training Collar Bright Paisley,,RC Pets,,Pet Supplies,LaunchNoScans,TRUE,Size,S,,,,,,,,54003329,0,shopify,deny,manual,19.99,,TRUE,TRUE,,,,,778810898949,,,,FALSE,,,,,,,,,,,,,,,,Health and Wellness >> Collars Leashes & Harnesses,,,,,,,,,,,,,,,,,,,,,,,,9,TRUE,,,active
RC-Pet---Training-Collar-Citrus-NS,RC Pet - Training Collar Citrus,,RC Pets,,Pet Supplies,LaunchNoScans,TRUE,Size,L,,,,,,,,54005125,0,shopify,deny,manual,27.99,,TRUE,TRUE,,,,,778810903179,,,,FALSE,,,,,,,,,,,,,,,,Health and Wellness >> Collars Leashes & Harnesses,,,,,,,,,,,,,,,,,,,,,,,,12.6,TRUE,,,active
RC-Pet---Training-Collar-Citrus-NS,RC Pet - Training Collar Citrus,,RC Pets,,Pet Supplies,LaunchNoScans,TRUE,Size,S,,,,,,,,54003125,0,shopify,deny,manual,19.99,,TRUE,TRUE,,,,,778810903070,,,,FALSE,,,,,,,,,,,,,,,,Health and Wellness >> Collars Leashes & Harnesses,,,,,,,,,,,,,,,,,,,,,,,,9,TRUE,,,active
RC-Pet---Training-Collar-Doodle-Dogs-NS,RC Pet - Training Collar Doodle Dogs,,RC Pets,,Pet Supplies,LaunchNoScans,TRUE,Size,L,,,,,,,,54005134,0,shopify,deny,manual,27.99,,TRUE,TRUE,,,,,778810906996,,,,FALSE,,,,,,,,,,,,,,,,Health and Wellness >> Collars Leashes & Harnesses,,,,,,,,,,,,,,,,,,,,,,,,12.6,TRUE,,,active
RC-Pet---Training-Collar-Rebel-Blue-NS,RC Pet - Training Collar Rebel Blue,,RC Pets,,Pet Supplies,LaunchNoScans,TRUE,Size,L,,,,,,,,54005367,0,shopify,deny,manual,27.99,,TRUE,TRUE,,,,,778810915950,,,,FALSE,,,,,,,,,,,,,,,,Health and Wellness >> Collars Leashes & Harnesses,,,,,,,,,,,,,,,,,,,,,,,,14,TRUE,,,active
RC-Pet----Training-Collar-Tropical-Paisley-NS,RC Pet -  Training Collar Tropical Paisley,,RC Pets,,Pet Supplies,LaunchNoScans,TRUE,Size,M,,,,,,,,54004199,0,shopify,deny,manual,23.99,,TRUE,TRUE,,,,,778810829790,,,,FALSE,,,,,,,,,,,,,,,,Health and Wellness >> Collars Leashes & Harnesses,,,,,,,,,,,,,,,,,,,,,,,,10.8,TRUE,,,active
Seed-to-Sky---Black-Oil-Sunflower-NS,Seed to Sky - Black Oil Sunflower,,Trueman Distribution Ltd.,,Pet Supplies,LaunchNoScans,TRUE,Size,1kg,,,,,,,,33581,0,shopify,deny,manual,5.99,,TRUE,TRUE,,,,,806544335819,,,,FALSE,,,,,,,,,,,,,,,,Small Animal,,,,,,,,,,,,,,,,,,,,,,,,3.04,TRUE,,,active
Seed-to-Sky---Premium-Hamster-NS,Seed to Sky - Premium Hamster,,Trueman Distribution Ltd.,,Pet Supplies,LaunchNoScans,TRUE,Size,1kg,,,,,,,,33041,0,shopify,deny,manual,3.99,,TRUE,TRUE,,,,,806544330418,,,,FALSE,,,,,,,,,,,,,,,,Small Animal,,,,,,,,,,,,,,,,,,,,,,,,2.1375,TRUE,,,active
Seed-to-Sky---Premium-Hamster-NS,Seed to Sky - Premium Hamster,,Trueman Distribution Ltd.,,Pet Supplies,LaunchNoScans,TRUE,Size,2kg,,,,,,,,33042,0,shopify,deny,manual,6.99,,TRUE,TRUE,,,,,806544330425,,,,FALSE,,,,,,,,,,,,,,,,Small Animal,,,,,,,,,,,,,,,,,,,,,,,,3.61,TRUE,,,active
Side-Print-Pillow-Bed-Blue-NS,Side Print Pillow Bed Blue,,PETSlink Distribution Ltd.,,Pet Supplies,LaunchNoScans,TRUE,Size,40x28x6*,,,,,,,,22325,0,shopify,deny,manual,49.99,,TRUE,TRUE,,,,,645470367491,,,,FALSE,,,,,,,,,,,,,,,,Health and Wellness >> Beds & Blankets,,,,,,,,,,,,,,,,,,,,,,,,31.79,TRUE,,,active
SQUARE-Pet-VFS-Dog-Low-Fat-Formula-NS,SQUARE Pet VFS Dog Low Fat Formula,,Maddies Natural Pet Products Ltd.,,Pet Supplies,LaunchNoScans,TRUE,Size,4.4lb,,,,,,,,MADD17421,0,shopify,deny,manual,44.99,,TRUE,TRUE,,,,,850006101290,,,,FALSE,,,,,,,,,,,,,,,,Dog >> Dog Food >> Dog Kibble (Dry),,,,,,,,,,,,,,,,,,,,,,,,31.66,TRUE,,,active
Stella-&-Chewy's---Dog-Freeze-Dried-Dandy-Lamb-NS,Stella & Chewy's - Dog Freeze Dried Dandy Lamb,,Pan Pacific Pet,,Pet Supplies,LaunchNoScans,TRUE,Size,25oz,,,,,,,,86000183,0,shopify,deny,manual,90.99,,TRUE,TRUE,,,,,186011001837,,,,FALSE,,,,,,,,,,,,,,,,Dog >> Dog Food >> Dog Freeze Dried Meal,,,,,,,,,,,,,,,,,,,,,,,,55.332,TRUE,,,active
The-Butchers-Pup---Frozen-Sous-Vide-Sausages-Chicken-NS,The Butchers Pup - Frozen Sous-Vide Sausages Chicken,,Anipet Animal Supplies (Food),,Pet Supplies,LaunchNoScans,TRUE,Size,454G,,,,,,,,40211,0,shopify,deny,manual,17.99,,TRUE,TRUE,,,,,627987481037,,,,FALSE,,,,,,,,,,,,,,,,Dog >> Dog Food >> Dog Raw (Frozen),,,,,,,,,,,,,,,,,,,,,,,,10.5333,TRUE,,,active
The-Honest-Kitchen---Cat-GF-Chicken-Box-NS,The Honest Kitchen - Cat GF Chicken Box,,PETSlink Distribution Ltd.,,Pet Supplies,LaunchNoScans,TRUE,Size,4Lb,,,,,,,,96610,0,shopify,deny,manual,74.99,,TRUE,TRUE,,,,,850012047896,,,,FALSE,,,,,,,,,,,,,,,,Cat >> Cat Food >> Cat Dehydrated Meal,,,,,,,,,,,,,,,,,,,,,,,,49.2975,TRUE,,,active
The-Honest-Kitchen---Cat-Minced-Salmon-&-Cod-NS,The Honest Kitchen - Cat Minced Salmon & Cod,,PETSlink Distribution Ltd.,,Pet Supplies,LaunchNoScans,TRUE,Size,5.5oz,,,,,,,,96655,0,shopify,deny,manual,4.99,,TRUE,TRUE,,,,,850012047865,,,,FALSE,,,,,,,,,,,,,,,,Cat >> Cat Food >> Cat Canned (Wet),,,,,,,,,,,,,,,,,,,,,,,,3.185,TRUE,,,active
"The-Honest-Kitchen---Cat-Minced-Turkey,-Chicken-&-Duck-NS","The Honest Kitchen - Cat Minced Turkey, Chicken & Duck",,PETSlink Distribution Ltd.,,Pet Supplies,LaunchNoScans,TRUE,Size,5.5oz,,,,,,,,96665,0,shopify,deny,manual,4.99,,TRUE,TRUE,,,,,850012047841,,,,FALSE,,,,,,,,,,,,,,,,Cat >> Cat Food >> Cat Canned (Wet),,,,,,,,,,,,,,,,,,,,,,,,3.185,TRUE,,,active
Tiki-Dog---Aloha-Petites-Chicken-Luau-NS,Tiki Dog - Aloha Petites Chicken Luau,,PETSlink Distribution Ltd.,,Pet Supplies,LaunchNoScans,TRUE,Size,3.5lb,,,,,,,,84042,0,shopify,deny,manual,27.99,,TRUE,TRUE,,,,,693804108067,,,,FALSE,,,,,,,,,,,,,,,,Dog >> Dog Food >> Dog Kibble (Dry),,,,,,,,,,,,,,,,,,,,,,,,18.3625,TRUE,,,active
Tiki-Dog---Aloha-Petites---Fish-Luau-NS,Tiki Dog - Aloha Petites - Fish Luau,,PETSlink Distribution Ltd.,,Pet Supplies,LaunchNoScans,TRUE,Size,10lb*,,,,,,,,84038,0,shopify,deny,manual,58.99,,TRUE,TRUE,,,,,693804108111,,,,FALSE,,,,,,,,,,,,,,,,Dog >> Dog Food >> Dog Kibble (Dry),,,,,,,,,,,,,,,,,,,,,,,,38.575,TRUE,,,active
Tiki-Dog---Aloha-Petites-Lamb-Luau-NS,Tiki Dog - Aloha Petites Lamb Luau,,PETSlink Distribution Ltd.,,Pet Supplies,LaunchNoScans,TRUE,Size,3.5lb,,,,,,,,84041,0,shopify,deny,manual,27.99,,TRUE,TRUE,,,,,693804108050,,,,FALSE,,,,,,,,,,,,,,,,Dog >> Dog Food >> Dog Kibble (Dry),,,,,,,,,,,,,,,,,,,,,,,,18.3625,TRUE,,,active
Tricky-Treat-Ball-NS,Tricky Treat Ball,,Anipet Animal Supplies,,Pet Supplies,LaunchNoScans,TRUE,Size,Medium,,,,,,,,ANP21500,0,shopify,deny,manual,14.99,,TRUE,TRUE,,,,,620661202003,,,,FALSE,,,,,,,,,,,,,,,,Dog >> Dog Toy >> Dog Rubber,,,,,,,,,,,,,,,,,,,,,,,,6.615,TRUE,,,active
Tropiclean---Aloe-&-Coconut-Moist-Deodoring-Shampoo-NS,Tropiclean - Aloe & Coconut Moist Deodoring Shampoo,,Trueman Distribution Ltd.,,Pet Supplies,LaunchNoScans,TRUE,Size,20oz,,,,,,,,97030,0,shopify,deny,manual,23.49,,TRUE,TRUE,,,,,645095007833,,,,FALSE,,,,,,,,,,,,,,,,Health and Wellness >> Shampoos & Conditioners,,,,,,,,,,,,,,,,,,,,,,,,10.5465,TRUE,,,active
Tropiclean---Awapuhi-&-Coconut-Whitening-Shampoo-NS,Tropiclean - Awapuhi & Coconut Whitening Shampoo,,Trueman Distribution Ltd.,,Pet Supplies,LaunchNoScans,TRUE,Size,20oz,,,,,,,,97031,0,shopify,deny,manual,23.49,,TRUE,TRUE,,,,,645095007802,,,,FALSE,,,,,,,,,,,,,,,,Health and Wellness >> Shampoos & Conditioners,,,,,,,,,,,,,,,,,,,,,,,,10.5465,TRUE,,,active
Tropiclean---Berry-&-Coconut-Deep-Cleaning-Shampoo-NS,Tropiclean - Berry & Coconut Deep Cleaning Shampoo,,Trueman Distribution Ltd.,,Pet Supplies,LaunchNoScans,TRUE,Size,20oz,,,,,,,,97032,0,shopify,deny,manual,20.99,,TRUE,TRUE,,,,,645095007765,,,,FALSE,,,,,,,,,,,,,,,,Health and Wellness >> Shampoos & Conditioners,,,,,,,,,,,,,,,,,,,,,,,,9.4251,TRUE,,,active
Tropiclean---Deodoring-Spray-Baby-Powder-NS,Tropiclean - Deodoring Spray Baby Powder,,Trueman Distribution Ltd.,,Pet Supplies,LaunchNoScans,TRUE,Size,8oz,,,,,,,,97020,0,shopify,deny,manual,17.99,,TRUE,TRUE,,,,,645095008014,,,,FALSE,,,,,,,,,,,,,,,,Health and Wellness >> Shampoos & Conditioners,,,,,,,,,,,,,,,,,,,,,,,,8.0011,TRUE,,,active
Tropiclean---Dog-Oral-Care-Kit-NS,Tropiclean - Dog Oral Care Kit,,Discontinued,,Pet Supplies,LaunchNoScans,TRUE,Size,Large*,,,,,,,,96246,0,shopify,deny,manual,19.99,,TRUE,TRUE,,,,,645095001299,,,,FALSE,,,,,,,,,,,,,,,,Dental Care >> Clean Teeth,,,,,,,,,,,,,,,,,,,,,,,,9.7,TRUE,,,active
Tropiclean---Dual-Action-Ear-Cleaner-NS,Tropiclean - Dual Action Ear Cleaner,,Trueman Distribution Ltd.,,Pet Supplies,LaunchNoScans,TRUE,Size,4oz,,,,,,,,97025,0,shopify,deny,manual,16.99,,TRUE,TRUE,,,,,645095007970,,,,FALSE,,,,,,,,,,,,,,,,Vitamins & Solutions >> Eye & Ear,,,,,,,,,,,,,,,,,,,,,,,,7.5205,TRUE,,,active
Tropiclean---Ear-Cleaning-Wipes-NS,Tropiclean - Ear Cleaning Wipes,,Trueman Distribution Ltd.,,Pet Supplies,LaunchNoScans,TRUE,Size,50ct,,,,,,,,TMN96438,0,shopify,deny,manual,19.49,,TRUE,TRUE,,,,,645095008120,,,,FALSE,,,,,,,,,,,,,,,,Vitamins & Solutions >> Eye & Ear,,,,,,,,,,,,,,,,,,,,,,,,8.6775,TRUE,,,active
Tropiclean---Finger-Brush-NS,Tropiclean - Finger Brush,,Trueman Distribution Ltd.,,Pet Supplies,LaunchNoScans,TRUE,Size,2pk*,,,,,,,,96242,0,shopify,deny,manual,8.49,,TRUE,TRUE,,,,,645095002180,,,,FALSE,,,,,,,,,,,,,,,,Dental Care >> Clean Teeth,,,,,,,,,,,,,,,,,,,,,,,,3.75,TRUE,,,active
Tropiclean---Hypoallergenic-Deodorizing-Wipes-NS,Tropiclean - Hypoallergenic Deodorizing Wipes,,Trueman Distribution Ltd.,,Pet Supplies,LaunchNoScans,TRUE,Size,100ct,,,,,,,,97060,0,shopify,deny,manual,21.49,,TRUE,TRUE,,,,,645095008144,,,,FALSE,,,,,,,,,,,,,,,,Health and Wellness >> Shampoos & Conditioners,,,,,,,,,,,,,,,,,,,,,,,,9.6921,TRUE,,,active
Tropiclean---Kiwi-&-Cobo-Butter-Conditioner-NS,Tropiclean - Kiwi & Cobo Butter Conditioner,,Trueman Distribution Ltd.,,Pet Supplies,LaunchNoScans,TRUE,Size,20oz,,,,,,,,97040,0,shopify,deny,manual,23.49,,TRUE,TRUE,,,,,645095007826,,,,FALSE,,,,,,,,,,,,,,,,Health and Wellness >> Shampoos & Conditioners,,,,,,,,,,,,,,,,,,,,,,,,10.5465,TRUE,,,active
Tropiclean---Lime-&-Cocoa-Butter-DeShedding-Conditioner-NS,Tropiclean - Lime & Cocoa Butter DeShedding Conditioner,,Trueman Distribution Ltd.,,Pet Supplies,LaunchNoScans,TRUE,Size,20oz,,,,,,,,97039,0,shopify,deny,manual,23.49,,TRUE,TRUE,,,,,645095007864,,,,FALSE,,,,,,,,,,,,,,,,Health and Wellness >> Shampoos & Conditioners,,,,,,,,,,,,,,,,,,,,,,,,10.5465,TRUE,,,active
Tropiclean---Lime-&-Coconut-Shed-Control-Shampoo-NS,Tropiclean - Lime & Coconut Shed Control Shampoo,,Trueman Distribution Ltd.,,Pet Supplies,LaunchNoScans,TRUE,Size,20oz,,,,,,,,97034,0,shopify,deny,manual,23.49,,TRUE,TRUE,,,,,645095007819,,,,FALSE,,,,,,,,,,,,,,,,Health and Wellness >> Shampoos & Conditioners,,,,,,,,,,,,,,,,,,,,,,,,10.5465,TRUE,,,active
Tropiclean---Neem-&-Citrus-Shampoo-NS,Tropiclean - Neem & Citrus Shampoo,,Trueman Distribution Ltd.,,Pet Supplies,LaunchNoScans,TRUE,Size,20oz,,,,,,,,97035,0,shopify,deny,manual,20.99,,TRUE,TRUE,,,,,645095007857,,,,FALSE,,,,,,,,,,,,,,,,Health and Wellness >> Shampoos & Conditioners,,,,,,,,,,,,,,,,,,,,,,,,9.4251,TRUE,,,active
Tropiclean---Oxy-Med-Ear-Cleaner-NS,Tropiclean - Oxy-Med Ear Cleaner,,Discontinued,,Pet Supplies,LaunchNoScans,TRUE,Size,4oz*,,,,,,,,96400,0,shopify,deny,manual,14.99,,TRUE,TRUE,,,,,645095420038,,,,FALSE,,,,,,,,,,,,,,,,Vitamins & Solutions >> Eye & Ear,,,,,,,,,,,,,,,,,,,,,,,,5.85,TRUE,,,active
Tropiclean---Oxy-Med-Hypo-Allergenic-Shampoo-NS,Tropiclean - Oxy-Med Hypo Allergenic Shampoo,,Trueman Distribution Ltd.,,Pet Supplies,LaunchNoScans,TRUE,Size,20oz*,,,,,,,,96458,0,shopify,deny,manual,21.99,,TRUE,TRUE,,,,,645095003347,,,,FALSE,,,,,,,,,,,,,,,,Health and Wellness >> Shampoos & Conditioners,,,,,,,,,,,,,,,,,,,,,,,,9.99,TRUE,,,active
Tropiclean---Oxy-Med-Itch-Relief-Spray-NS,Tropiclean - Oxy-Med Itch Relief Spray,,Trueman Distribution Ltd.,,Pet Supplies,LaunchNoScans,TRUE,Size,8oz*,,,,,,,,96450,0,shopify,deny,manual,16.99,,TRUE,TRUE,,,,,645095003316,,,,FALSE,,,,,,,,,,,,,,,,Health and Wellness >> Shampoos & Conditioners,,,,,,,,,,,,,,,,,,,,,,,,7.99,TRUE,,,active
Tropiclean---Oxy-Med-Shampoo-NS,Tropiclean - Oxy-Med Shampoo,,Trueman Distribution Ltd.,,Pet Supplies,LaunchNoScans,TRUE,Size,20oz,,,,,,,,96455,0,shopify,deny,manual,21.99,,TRUE,TRUE,,,,,645095003323,,,,FALSE,,,,,,,,,,,,,,,,Health and Wellness >> Shampoos & Conditioners,,,,,,,,,,,,,,,,,,,,,,,,9.99,TRUE,,,active
Tropiclean---Oxy-Med-Soothing-Relief-Wipes-NS,Tropiclean - Oxy-Med Soothing Relief Wipes,,Trueman Distribution Ltd.,,Pet Supplies,LaunchNoScans,TRUE,Size,50ct,,,,,,,,97095,0,shopify,deny,manual,20.49,,TRUE,TRUE,,,,,645095008137,,,,FALSE,,,,,,,,,,,,,,,,Health and Wellness >> Shampoos & Conditioners,,,,,,,,,,,,,,,,,,,,,,,,9.167,TRUE,,,active
Tropiclean---Oxy-Med-Treatment-NS,Tropiclean - Oxy-Med Treatment,,Trueman Distribution Ltd.,,Pet Supplies,LaunchNoScans,TRUE,Size,20oz*,,,,,,,,96456,0,shopify,deny,manual,21.99,,TRUE,TRUE,,,,,645095003330,,,,FALSE,,,,,,,,,,,,,,,,Health and Wellness >> Shampoos & Conditioners,,,,,,,,,,,,,,,,,,,,,,,,9.99,TRUE,,,active
Tropiclean---Papaya-&-Coconut-2in1-NS,Tropiclean - Papaya & Coconut 2in1,,Trueman Distribution Ltd.,,Pet Supplies,LaunchNoScans,TRUE,Size,20oz,,,,,,,,97038,0,shopify,deny,manual,20.99,,TRUE,TRUE,,,,,645095007741,,,,FALSE,,,,,,,,,,,,,,,,Health and Wellness >> Shampoos & Conditioners,,,,,,,,,,,,,,,,,,,,,,,,9.4251,TRUE,,,active
Tropiclean---Tangle-Remover-NS,Tropiclean - Tangle Remover,,Trueman Distribution Ltd.,,Pet Supplies,LaunchNoScans,TRUE,Size,16oz,,,,,,,,97027,0,shopify,deny,manual,22.99,,TRUE,TRUE,,,,,645095007888,,,,FALSE,,,,,,,,,,,,,,,,Health and Wellness >> Shampoos & Conditioners,,,,,,,,,,,,,,,,,,,,,,,,10.235,TRUE,,,active
Tropiclean---Tear-Stain-Remover-NS,Tropiclean - Tear Stain Remover,,Trueman Distribution Ltd.,,Pet Supplies,LaunchNoScans,TRUE,Size,8oz,,,,,,,,97028,0,shopify,deny,manual,16.99,,TRUE,TRUE,,,,,645095008076,,,,FALSE,,,,,,,,,,,,,,,,Vitamins & Solutions >> Eye & Ear,,,,,,,,,,,,,,,,,,,,,,,,7.7875,TRUE,,,active
Tropiclean----Tropiclean-Luxury-2-in-1-Pet-Wipes-Papaya-and-Coconut-NS,Tropiclean  - Tropiclean Luxury 2 in 1 Pet Wipes Papaya and Coconut,,Trueman Distribution Ltd.,,Pet Supplies,LaunchNoScans,TRUE,Size,1,,,,,,,,TMN96230,0,shopify,deny,manual,12.99,,TRUE,TRUE,,,,,645095003798,,,,FALSE,,,,,,,,,,,,,,,,Health and Wellness >> Shampoos & Conditioners,,,,,,,,,,,,,,,,,,,,,,,,8.25,TRUE,,,active
Tropiclean----Tropiclean-Luxury-2-in-1-Pet-Wipes-Papaya-and-Coconut-NS,Tropiclean  - Tropiclean Luxury 2 in 1 Pet Wipes Papaya and Coconut,,Trueman Distribution Ltd.,,Pet Supplies,LaunchNoScans,TRUE,Size,2,,,,,,,,97063,0,shopify,deny,manual,21.49,,TRUE,TRUE,,,,,645095008168,,,,FALSE,,,,,,,,,,,,,,,,Health and Wellness >> Shampoos & Conditioners,,,,,,,,,,,,,,,,,,,,,,,,9.6921,TRUE,,,active
Tropiclean---Waterless-Cat-Shampoo-Dander-Reducing-NS,Tropiclean - Waterless Cat Shampoo Dander Reducing,,Discontinued,,Pet Supplies,LaunchNoScans,TRUE,Size,7.4oz*,,,,,,,,97050,0,shopify,deny,manual,19.99,,TRUE,TRUE,,,,,645095008021,,,,FALSE,,,,,,,,,,,,,,,,Health and Wellness >> Shampoos & Conditioners,,,,,,,,,,,,,,,,,,,,,,,,8.8911,TRUE,,,active
Tropiclean---Waterless-Hypo-Allergenic-Shampoo-NS,Tropiclean - Waterless Hypo Allergenic Shampoo,,Trueman Distribution Ltd.,,Pet Supplies,LaunchNoScans,TRUE,Size,7.4oz,,,,,,,,83TTMN96120,0,shopify,deny,manual,19.99,,TRUE,TRUE,,,,,645095007994,,,,FALSE,,,,,,,,,,,,,,,,Health and Wellness >> Shampoos & Conditioners,,,,,,,,,,,,,,,,,,,,,,,,8.8911,TRUE,,,active
Tropiclean---Watermelon-2-in-1-Shampoo-&-Conditioner-NS,Tropiclean - Watermelon 2 in 1 Shampoo & Conditioner,,Trueman Distribution Ltd.,,Pet Supplies,LaunchNoScans,TRUE,Size,20oz*,,,,,,,,96111,0,shopify,deny,manual,20.99,,TRUE,TRUE,,,,,645095006133,,,,FALSE,,,,,,,,,,,,,,,,Health and Wellness >> Shampoos & Conditioners,,,,,,,,,,,,,,,,,,,,,,,,8.59,TRUE,,,active
Unleashed---Bed-Donut-Paw-Print-NS,Unleashed - Bed Donut Paw Print,,Anipet Animal Supplies,,Pet Supplies,LaunchNoScans,TRUE,Size,20in,,,,,,,,10272,0,shopify,deny,manual,41.99,,TRUE,TRUE,,,,,779369102723,,,,FALSE,,,,,,,,,,,,,,,,Health and Wellness >> Beds & Blankets,,,,,,,,,,,,,,,,,,,,,,,,21.9725,TRUE,,,active
Unleashed---Bed-Donut-Paw-Print-NS,Unleashed - Bed Donut Paw Print,,Anipet Animal Supplies,,Pet Supplies,LaunchNoScans,TRUE,Size,30in,,,,,,,,10273,0,shopify,deny,manual,59.99,,TRUE,TRUE,,,,,779369102730,,,,FALSE,,,,,,,,,,,,,,,,Health and Wellness >> Beds & Blankets,,,,,,,,,,,,,,,,,,,,,,,,32.47,TRUE,,,active
Unleashed---Chill-Sage-Swirl-Gusset-NS,Unleashed - Chill Sage Swirl Gusset,,Anipet Animal Supplies,,Pet Supplies,LaunchNoScans,TRUE,Size,30x20in,,,,,,,,10633,0,shopify,deny,manual,35.99,,TRUE,TRUE,,,,,779369106332,,,,FALSE,,,,,,,,,,,,,,,,Health and Wellness >> Beds & Blankets,,,,,,,,,,,,,,,,,,,,,,,,18.0625,TRUE,,,active
Unleashed---Chill-Sage-Swirl-Gusset-NS,Unleashed - Chill Sage Swirl Gusset,,Anipet Animal Supplies,,Pet Supplies,LaunchNoScans,TRUE,Size,36x23in,,,,,,,,10634,0,shopify,deny,manual,49.99,,TRUE,TRUE,,,,,779369106349,,,,FALSE,,,,,,,,,,,,,,,,Health and Wellness >> Beds & Blankets,,,,,,,,,,,,,,,,,,,,,,,,25.0325,TRUE,,,active
Unleashed---Chill-Sage-Swirl-Gusset-NS,Unleashed - Chill Sage Swirl Gusset,,Anipet Animal Supplies,,Pet Supplies,LaunchNoScans,TRUE,Size,42x28in,,,,,,,,10635,0,shopify,deny,manual,64.99,,TRUE,TRUE,,,,,779369106356,,,,FALSE,,,,,,,,,,,,,,,,Health and Wellness >> Beds & Blankets,,,,,,,,,,,,,,,,,,,,,,,,33.1925,TRUE,,,active
Unleashed---Dog---Donut-Bed-Paw-Print-NS,Unleashed - Dog - Donut Bed Paw Print,,Anipet Animal Supplies,,Pet Supplies,LaunchNoScans,TRUE,Size,30in,,,,,,,,35596,0,shopify,deny,manual,49.99,,TRUE,TRUE,,,,,779369355969,,,,FALSE,,,,,,,,,,,,,,,,Health and Wellness >> Beds & Blankets,,,,,,,,,,,,,,,,,,,,,,,,30.15,TRUE,,,active
Unleashed---Dog---Flop-Flat-Mat-Paw-Print-NS,Unleashed - Dog - Flop Flat Mat Paw Print,,Anipet Animal Supplies,,Pet Supplies,LaunchNoScans,TRUE,Size,36x23in,,,,,,,,35574,0,shopify,deny,manual,26.99,,TRUE,TRUE,,,,,779369355747,,,,FALSE,,,,,,,,,,,,,,,,Health and Wellness >> Beds & Blankets,,,,,,,,,,,,,,,,,,,,,,,,15.93,TRUE,,,active
Unleashed---Dog---Flop-Sherpa-Flat-Mat-Natural-NS,Unleashed - Dog - Flop Sherpa Flat Mat Natural,,Anipet Animal Supplies,,Pet Supplies,LaunchNoScans,TRUE,Size,24x18in,,,,,,,,35578,0,shopify,deny,manual,19.49,,TRUE,TRUE,,,,,779369355785,,,,FALSE,,,,,,,,,,,,,,,,Health and Wellness >> Beds & Blankets,,,,,,,,,,,,,,,,,,,,,,,,11.75,TRUE,,,active
Unleashed---Dog---Flop-Sherpa-Flat-Mat-Natural-NS,Unleashed - Dog - Flop Sherpa Flat Mat Natural,,Anipet Animal Supplies,,Pet Supplies,LaunchNoScans,TRUE,Size,30x18in,,,,,,,,35579,0,shopify,deny,manual,22.99,,TRUE,TRUE,,,,,779369355792,,,,FALSE,,,,,,,,,,,,,,,,Health and Wellness >> Beds & Blankets,,,,,,,,,,,,,,,,,,,,,,,,13.82,TRUE,,,active
Unleashed---Dog---Flop-Sherpa-Flat-Mat-Natural-NS,Unleashed - Dog - Flop Sherpa Flat Mat Natural,,Anipet Animal Supplies,,Pet Supplies,LaunchNoScans,TRUE,Size,36x23in,,,,,,,,35580,0,shopify,deny,manual,31.99,,TRUE,TRUE,,,,,779369355808,,,,FALSE,,,,,,,,,,,,,,,,Health and Wellness >> Beds & Blankets,,,,,,,,,,,,,,,,,,,,,,,,19.17,TRUE,,,active
Unleashed---Dog---Flop-Sherpa-Flat-Mat-Natural-NS,Unleashed - Dog - Flop Sherpa Flat Mat Natural,,Anipet Animal Supplies,,Pet Supplies,LaunchNoScans,TRUE,Size,42x28in,,,,,,,,35581,0,shopify,deny,manual,42.99,,TRUE,TRUE,,,,,779369355815,,,,FALSE,,,,,,,,,,,,,,,,Health and Wellness >> Beds & Blankets,,,,,,,,,,,,,,,,,,,,,,,,25.92,TRUE,,,active
Unleashed---Dog---Flop-Sherpa-Flat-Mat-Natural-NS,Unleashed - Dog - Flop Sherpa Flat Mat Natural,,Anipet Animal Supplies,,Pet Supplies,LaunchNoScans,TRUE,Size,48x30in,,,,,,,,35582,0,shopify,deny,manual,50.99,,TRUE,TRUE,,,,,779369355822,,,,FALSE,,,,,,,,,,,,,,,,Health and Wellness >> Beds & Blankets,,,,,,,,,,,,,,,,,,,,,,,,30.83,TRUE,,,active
Unleashed---Dog---Stainless-Steel-Bowl-NS,Unleashed - Dog - Stainless Steel Bowl,,Anipet Animal Supplies,,Pet Supplies,LaunchNoScans,TRUE,Size,160oz,,,,,,,,09359,0,shopify,deny,manual,4.99,,TRUE,TRUE,,,,,779369093595,,,,FALSE,,,,,,,,,,,,,,,,Health and Wellness >> Bowls,,,,,,,,,,,,,,,,,,,,,,,,2.465,TRUE,,,active
Unleashed---Dog---Stainless-Steel-Bowl-NS,Unleashed - Dog - Stainless Steel Bowl,,Anipet Animal Supplies,,Pet Supplies,LaunchNoScans,TRUE,Size,64oz,,,,,,,,09357,0,shopify,deny,manual,3.49,,TRUE,TRUE,,,,,779369093571,,,,FALSE,,,,,,,,,,,,,,,,Health and Wellness >> Bowls,,,,,,,,,,,,,,,,,,,,,,,,1.62,TRUE,,,active
Unleashed---Dog---Stainless-Steel-Bowl-NS,Unleashed - Dog - Stainless Steel Bowl,,Anipet Animal Supplies,,Pet Supplies,LaunchNoScans,TRUE,Size,96oz,,,,,,,,09358,0,shopify,deny,manual,3.99,,TRUE,TRUE,,,,,779369093588,,,,FALSE,,,,,,,,,,,,,,,,Health and Wellness >> Bowls,,,,,,,,,,,,,,,,,,,,,,,,1.8275,TRUE,,,active
Unleashed---Fleece-Gusseted-Brown-NS,Unleashed - Fleece Gusseted Brown,,Anipet Animal Supplies,,Pet Supplies,LaunchNoScans,TRUE,Size,35x44,,,,,,,,10268,0,shopify,deny,manual,114.99,,TRUE,TRUE,,,,,779369102686,,,,FALSE,,,,,,,,,,,,,,,,Health and Wellness >> Beds & Blankets,,,,,,,,,,,,,,,,,,,,,,,,57.1625,TRUE,,,active
VANNESS-FOOD-SCOOP-08900-NS,VANNESS FOOD SCOOP 08900,,Anipet Animal Supplies,,Pet Supplies,LaunchNoScans,TRUE,Size,LARGE,,,,,,,,08900,0,shopify,deny,manual,5.59,,TRUE,TRUE,,,,,079441006315,,,,FALSE,,,,,,,,,,,,,,,,UNCLASSED,,,,,,,,,,,,,,,,,,,,,,,,2.38,TRUE,,,active
"Wag-More-Bark-Less---Dog-Oven-Baked-Bacon,-Apple-&-Cheese-NS","Wag More Bark Less - Dog Oven Baked Bacon, Apple & Cheese",,PETSlink Distribution Ltd.,,Pet Supplies,LaunchNoScans,TRUE,Size,3lb,,,,,,,,71545,0,shopify,deny,manual,19.99,,TRUE,TRUE,,,,,693804722027,,,,FALSE,,,,,,,,,,,,,,,,Dog >> Dog Treat >> Dog Biscuits,,,,,,,,,,,,,,,,,,,,,,,,10.55,TRUE,,,active
Zippy-Paws---Donutz---Chocolate-NS,Zippy Paws - Donutz - Chocolate,,PETSlink Distribution Ltd.,,Pet Supplies,LaunchNoScans,TRUE,Size,,,,,,,,,85103,0,shopify,deny,manual,13.99,,TRUE,TRUE,,,,,818786012557,,,,FALSE,,,,,,,,,,,,,,,,Dog >> Dog Toy >> Dog Plush,,,,,,,,,,,,,,,,,,,,,,,,6,TRUE,,,active
Zippy-Paws---Holiday-Crinkle-Reindeer-Extra-Large-NS,Zippy Paws - Holiday Crinkle Reindeer Extra Large,,PETSlink Distribution Ltd.,,Pet Supplies,LaunchNoScans,TRUE,Size,Extra Large,,,,,,,,87225,0,shopify,deny,manual,34.99,,TRUE,TRUE,,,,,818786010690,,,,FALSE,,,,,,,,,,,,,,,,Dog >> Dog Toy >> Dog Plush,,,,,,,,,,,,,,,,,,,,,,,,15.0201,TRUE,,,active
Zippy-Paws---Holiday-Crinkle-Reindeer-NS,Zippy Paws - Holiday Crinkle Reindeer,,PETSlink Distribution Ltd.,,Pet Supplies,LaunchNoScans,TRUE,Size,Small,,,,,,,,87365,0,shopify,deny,manual,9.99,,TRUE,TRUE,,,,,818786016043,,,,FALSE,,,,,,,,,,,,,,,,Dog >> Dog Toy >> Dog Plush,,,,,,,,,,,,,,,,,,,,,,,,4.5754,TRUE,,,active
